,date,type,description,city
0,20180115,robbery,A Man Dressed as Spider-Man Is on a Robbery Spree,NYC
1,20180115,murder,Life? Dont talk to me about life.,Albany
2,20180115,murder,"Mama, I killed a man, put a gun against his head...",Reno
3,20180215,murder,REDACTED REDACTED REDACTED,R City
4,20180215,murder,Someone killed the guard! He took an arrow to the knee!,R City
5,20180115,theft,Big Bully stole my lunch money!,Chicago
6,20180115,fraud,"Lorem ipsum dolor sit amet, consectetur adipiscing elit, sed do
            eiusmod tempor incididunt ut labore et dolore magna aliqua.",Seattle
7,20170712,theft,"A lone hunter stalks the night, firing arrows into the Darkness.
            There is no hiding, no escape. In the distance, the beast
            falters, tethered to the void. The killing blow comes without
            hesitation, without mercy.",R City
8,20170820,arson,"Wield the Hammer of Sol with honor, Titan, it is a thing of
            legend, both past and future.",R City
9,20171110,robbery,"The Gjallarhorn shoulder-mounted rocket system was forged from
            the armor of Guardians who fell at the Twilight Gap. Gifted
            to the survivors of that terrible battle, the Gjallarhorn
            is seen as a symbol of honor and survival.",R City
10,20180103,bribery,"Apparently, Cayde thought it necessary to expose this extremely
            rare vegetable to a Hive summoning ritual.",R City
11,20180115,assault,"Hamilton: Lee, do you yield? Burr: You shot him in the side! Yes he yields!",R City
12,20180115,assault,Report Not Found,R City
13,20170101,fraud,"forgotten to ask.’
",Long Beach
14,20170101,fraud,"Alice did not wish to offend the Dormouse again, so she began very
",Oceanside
15,20170101,theft,"‘Yes,’ said Alice, ‘we learned French and music.’
",Chicago
16,20170101,smuggling,"‘Now tell me, Pat, what’s that in the window?’
",Gilbert
17,20170101,assault,"twist it up into a sort of knot, and then keep tight hold of its right
",Nashville
18,20170102,arson,"with a smile. There was a dead silence.
",Las Vegas
19,20170102,bribery,"glass table. ‘Now, I’ll manage better this time,’ she said to herself,
",Riverside
20,20170102,theft,"days and days.’
",Canton
21,20170102,smuggling,"‘Yes,’ said Alice, ‘we learned French and music.’
",Alexandria
22,20170103,arson,"witness.’ And he added in an undertone to the Queen, ‘Really, my dear,
",Rochester
23,20170104,blackmail,"see what was the matter with it. There could be no doubt that it had
",Lacey
24,20170105,theft,"came, carried on the breeze that followed them, the melancholy words:--
",McAllen
25,20170105,robbery,"uglifying!’ it exclaimed. ‘You know what to beautify is, I suppose?’
",Seaside
26,20170106,blackmail,"rather sharply; ‘I advise you to leave off this minute!’ She generally
",Lewisville
27,20170106,blackmail,"CHAPTER X. The Lobster Quadrille
",Jackson
28,20170106,theft,"‘Of course it is,’ said the Duchess, who seemed ready to agree to
",High Point
29,20170107,bribery,"The hedgehog was engaged in a fight with another hedgehog, which seemed
",Lorain
30,20170107,smuggling,"
",Savannah
31,20170107,blackmail,"This answer so confused poor Alice, that she let the Dormouse go on for
",Newark
32,20170107,theft,"felt certain it must be really offended. ‘We won’t talk about her any
",Oklahoma City
33,20170107,murder,"‘It proves nothing of the sort!’ said Alice. ‘Why, you don’t even know
",Memphis
34,20170108,murder,"get” is the same thing as “I get what I like”!’
",Round Lake Beach
35,20170108,theft,"Alice tried to fancy to herself what such an extraordinary ways of
",Louisville
36,20170108,murder,"       HEARTHRUG,
",Jacksonville
37,20170109,robbery,"finished, her sister kissed her, and said, ‘It WAS a curious dream,
",Grand Rapids
38,20170109,fraud,"his fan and gloves--that is, if I can find them.’ As she said this, she
",North Port
39,20170109,arson,"mouth; but she did it at last, and managed to swallow a morsel of the
",Port St. Lucie
40,20170109,arson,"for the next moment a shower of little pebbles came rattling in at the
",Little Rock
41,20170109,bribery,"           condemn
",Visalia
42,20170110,blackmail,"Alice was not much surprised at this, she was getting so used to queer
",Kailua
43,20170111,murder,"
",Springdale
44,20170111,bribery," (In which the cook and the baby joined):--
",Lancaster
45,20170112,smuggling,"
",Melbourne
46,20170113,fraud,"Dinah, and saying to her very earnestly, ‘Now, Dinah, tell me the truth:
",Paterson
47,20170113,blackmail,"‘There’s no sort of use in knocking,’ said the Footman, ‘and that for
",Fort Collins
48,20170113,assault,"
",Reading
49,20170114,fraud,"‘Off with their heads!’ and the procession moved on, three of the
",Chicago
50,20170114,blackmail,"
",Orange
51,20170114,fraud,"‘I couldn’t afford to learn it.’ said the Mock Turtle with a sigh. ‘I
",Lorain
52,20170115,assault,"‘Nothing WHATEVER?’ persisted the King.
",Jersey City
53,20170115,theft,"The Knave shook his head sadly. ‘Do I look like it?’ he said. (Which he
",Hollywood
54,20170115,robbery,"think,’ Alice went on, ‘that they’d let Dinah stop in the house if it
",Cincinnati
55,20170116,blackmail,"
",Ontario
56,20170116,assault,"my fur and whiskers! She’ll get me executed, as sure as ferrets are
",Plano
57,20170116,blackmail,"Fish-Footman was gone, and the other was sitting on the ground near the
",Tallahassee
58,20170116,bribery,"
",Memphis
59,20170116,smuggling,"living would be like, but it puzzled her too much, so she went on: ‘But
",Las Cruces
60,20170117,assault,"with the words ‘DRINK ME,’ but nevertheless she uncorked it and put it
",Anaheim
61,20170117,bribery,"you liked with the clock. For instance, suppose it were nine o’clock in
",San Bernardino
62,20170118,robbery,"the pool, and the great hall, with the glass table and the little door,
",Charlotte
63,20170118,arson,"minute or two, which gave the Pigeon the opportunity of adding, ‘You’re
",Wilmington
64,20170118,theft,"on.’
",Denton
65,20170119,smuggling,"and sadly:--
",Riverside
66,20170119,robbery,"
",Asheville
67,20170121,arson,"voice, ‘Why the fact is, you see, Miss, this here ought to have been a
",Knoxville
68,20170121,murder,"her, to pass away the time.
",Murfreesboro
69,20170122,robbery,"
",Houston
70,20170122,bribery,"
",Oakland
71,20170122,bribery,"
",Omaha
72,20170122,murder,"came near her, she began, in a low, timid voice, ‘If you please, sir--’
",Temecula
73,20170122,assault,"
",Layton
74,20170123,blackmail,"
",Arvada
75,20170123,assault,"
",Sterling Heights
76,20170124,arson,"
",Arlington
77,20170124,murder,"about something, my dear, and that makes you forget to talk. I can’t
",Santa Clarita
78,20170124,robbery,"a little shriek, and went on: ‘--that begins with an M, such as
",Macon
79,20170124,murder,"
",Waterbury
80,20170125,murder,"age knew the meaning of it at all. However, ‘jury-men’ would have done
",Laredo
81,20170125,theft,"‘Can’t remember WHAT things?’ said the Caterpillar.
",New Bedford
82,20170126,arson,"‘I won’t!’ said Alice.
",Richmond
83,20170127,arson,"tried to get her head down to them, and was delighted to find that her
",Birmingham
84,20170127,blackmail,"thousand miles down, I think--’ (for, you see, Alice had learnt several
",Richland
85,20170128,theft,"‘--as far out to sea as you can--’
",Newark
86,20170128,theft,"   ‘The Queen of Hearts, she made some tarts,
",New Orleans
87,20170128,assault,"wag my tail when I’m angry. Therefore I’m mad.’
",Nashua
88,20170129,arson,"of things--I can’t remember half of them--and it belongs to a farmer,
",Bridgeport
89,20170129,bribery,"‘I’m sure I’m not Ada,’ she said, ‘for her hair goes in such long
",Daytona Beach
90,20170129,blackmail,"‘Call the first witness,’ said the King; and the White Rabbit blew three
",Paterson
91,20170129,robbery,"
",Saint Louis
92,20170129,assault,"OUT OF ITS WAISTCOAT-POCKET, and looked at it, and then hurried on,
",Irving
93,20170130,fraud,"
",Lancaster
94,20170130,arson,"
",Allentown
95,20170130,fraud,"a bit.’
",Raleigh
96,20170131,bribery,"
",Layton
97,20170131,bribery,"
",Apple Valley
98,20170131,bribery,"every line:
",Fort Collins
99,20170201,fraud,"close by her.
",Tuscaloosa
100,20170202,blackmail,"
",Boise City
101,20170202,robbery,"four times seven is--oh dear! I shall never get to twenty at that rate!
",Scranton
102,20170202,smuggling,"She was a good deal frightened by this very sudden change, but she felt
",Mesa
103,20170202,smuggling,"(she was obliged to say ‘creatures,’ you see, because some of them were
",Montgomery
104,20170203,arson,"occasional exclamation of ‘Hjckrrh!’ from the Gryphon, and the constant
",Indianapolis
105,20170203,smuggling,"
",Montgomery
106,20170204,blackmail,"
",Albuquerque
107,20170204,theft,"
",Tyler
108,20170205,robbery,"The next witness was the Duchess’s cook. She carried the pepper-box in
",Montgomery
109,20170205,robbery,"‘This here young lady,’ said the Gryphon, ‘she wants for to know your
",Irvine
110,20170205,smuggling,"would change to dull reality--the grass would be only rustling in the
",Reno
111,20170205,bribery,"
",Round Lake Beach
112,20170205,fraud,"with the words ‘DRINK ME,’ but nevertheless she uncorked it and put it
",Salinas
113,20170207,arson,"
",Jefferson
114,20170207,murder,"
",Amarillo
115,20170207,arson," “There’s a porpoise close behind us, and he’s treading on my tail.
",Duluth
116,20170208,theft,"‘Come on, then!’ roared the Queen, and Alice joined the procession,
",Thornton
117,20170208,fraud,"growl, ‘the world would go round a deal faster than it does.’
",Portland
118,20170208,fraud,"up into hers--she could hear the very tones of her voice, and see that
",Marysville
119,20170208,smuggling,"pocket, and was looking at it uneasily, shaking it every now and then,
",Toledo
120,20170209,smuggling,"‘--as far out to sea as you can--’
",Canton
121,20170209,smuggling,"yourself.’
",College Station
122,20170210,assault,"‘Oh, I’ve had such a curious dream!’ said Alice, and she told her
",Fargo
123,20170210,arson,"on.’
",Scottsdale
124,20170210,blackmail,"
",McAllen
125,20170210,bribery,"
",Muskegon
126,20170211,arson,"ask: perhaps I shall see it written up somewhere.’
",Marina
127,20170212,fraud,"knowing how old it was, and, as the Lory positively refused to tell its
",West Valley City
128,20170212,assault,"    That your eye was as steady as ever;
",Corona
129,20170212,robbery,"It was high time to go, for the pool was getting quite crowded with the
",Mesa
130,20170212,bribery,"‘I couldn’t help it,’ said Five, in a sulky tone; ‘Seven jogged my
",Las Cruces
131,20170214,fraud,"‘Please come back and finish your story!’ Alice called after it; and the
",Jackson
132,20170214,fraud,"CHAPTER IX. The Mock Turtle’s Story
",Saint Paul
133,20170214,assault,"
",Lake Charles
134,20170214,bribery,"‘tis love, that makes the world go round!”’
",Lakeland
135,20170215,arson,"itself upright as it spoke (it was exactly three inches high).
",Port Arthur
136,20170215,theft,"the Eaglet bent down its head to hide a smile: some of the other birds
",McHenry
137,20170215,arson,"All the time they were playing the Queen never left off quarrelling with
",Olathe
138,20170215,fraud,"drunk half the bottle, she found her head pressing against the ceiling,
",Kennewick
139,20170215,bribery,"the executioner, the King, and the Queen, who were all talking at once,
",Naples
140,20170216,arson,"‘stupid,’ and that he had to ask his neighbour to tell him. ‘A nice
",Augusta
141,20170216,arson,"
",Seattle
142,20170217,robbery,"MORE than nothing.’
",Scranton
143,20170219,theft,"keep, through all her riper years, the simple and loving heart of her
",Antioch
144,20170219,theft,"
",Irving
145,20170219,assault,"whiskers!’
",Kenosha
146,20170219,blackmail,"‘I didn’t know it was YOUR table,’ said Alice; ‘it’s laid for a great
",Lubbock
147,20170219,assault,"‘I’M not a mile high,’ said Alice.
",Grand Rapids
148,20170220,murder,"
",Colorado Springs
149,20170220,assault,"
",Tyler
150,20170220,murder,"knocking, and hurried upstairs, in great fear lest she should meet the
",Madison
151,20170221,murder,"‘I HAVE tasted eggs, certainly,’ said Alice, who was a very truthful
",Chandler
152,20170221,theft,"‘And ever since that,’ the Hatter went on in a mournful tone, ‘he won’t
",San Francisco
153,20170221,blackmail,"was,’ he said.
",Panama City
154,20170221,blackmail,"
",Boise
155,20170221,robbery,"
",Winter Haven
156,20170222,fraud,"could get away without being seen, when she noticed a curious appearance
",Jersey City
157,20170222,fraud,"‘You might just as well say,’ added the March Hare, ‘that “I like what I
",Chattanooga
158,20170222,bribery,"
",Rochester
159,20170222,arson,"the teapot.
",Havre de Grace
160,20170222,assault,"‘Oh, PLEASE mind what you’re doing!’ cried Alice, jumping up and down in
",El Monte
161,20170225,fraud,"‘What do you mean by that?’ said the Caterpillar sternly. ‘Explain
",Youngstown
162,20170225,arson,"about the whiting!’
",Baltimore
163,20170225,murder,"
",Ontario
164,20170226,theft,"makes me grow smaller, I can creep under the door; so either way I’ll
",Wichita
165,20170226,blackmail,"yourself.’
",Bridgeport
166,20170227,murder,"name like an honest man.’
",Manchester
167,20170227,assault,"
",Reading
168,20170227,smuggling,"‘If I’d been the whiting,’ said Alice, whose thoughts were still running
",Fairfield
169,20170227,assault,"She was moving them about as she spoke, but no result seemed to follow,
",Portsmouth
170,20170228,blackmail,"
",Corpus Christi
171,20170301,assault,"
",Denver
172,20170301,robbery,"
",Clarksville
173,20170301,arson," Would not, could not, would not, could not, could not join the dance.
",Normal
174,20170301,arson,"‘Very true,’ said the Duchess: ‘flamingoes and mustard both bite. And
",Tempe
175,20170302,blackmail,"When she got back to the Cheshire Cat, she was surprised to find quite a
",Kenosha
176,20170302,robbery,"‘Yes, that’s it,’ said the Hatter with a sigh: ‘it’s always tea-time,
",Palm Bay
177,20170302,bribery,"The Mock Turtle went on.
",Salem
178,20170302,fraud,"She ate a little bit, and said anxiously to herself, ‘Which way? Which
",Victorville
179,20170302,murder,"with the words ‘DRINK ME,’ but nevertheless she uncorked it and put it
",Mobile
180,20170303,theft,"‘Are you content now?’ said the Caterpillar.
",North Las Vegas
181,20170303,arson,"The door led right into a large kitchen, which was full of smoke from
",San Bernardino
182,20170303,blackmail,"
",Bethlehem
183,20170303,assault,"her: she gave a little scream, half of fright and half of anger, and
",Portland
184,20170303,bribery,"        judge, I’ll
",Naples
185,20170304,fraud,"neither of the others took the least notice of her going, though she
",Costa Mesa
186,20170304,murder,"
",Thousand Oaks
187,20170304,smuggling,"jumping merrily along hand in hand, in couples: they were all ornamented
",New London
188,20170304,robbery,"
",Bonita Springs
189,20170304,robbery,"By this time she had found her way into a tidy little room with a table
",Charleston
190,20170307,robbery,"sort of way to fly up into a tree.
",West Covina
191,20170308,murder,"ground as she spoke; ‘either you or your head must be off, and that in
",Bonita Springs
192,20170308,robbery,"on.’
",Birmingham
193,20170308,arson,"
",Hollywood
194,20170308,assault,"kind to them,’ thought Alice, ‘or perhaps they won’t walk the way I want
",Des Moines
195,20170310,assault,"‘And how many hours a day did you do lessons?’ said Alice, in a hurry to
",Fresno
196,20170310,arson,"
",GreenBay
197,20170310,theft,"‘Come on, then!’ roared the Queen, and Alice joined the procession,
",Palm Bay
198,20170310,theft,"short remarks, and she drew herself up and said, very gravely, ‘I think,
",Fort Wayne
199,20170310,blackmail,"‘It isn’t,’ said the Caterpillar.
",Palmdale
200,20170311,arson,"full of tears, but said nothing.
",Fort Wayne
201,20170311,bribery,"chimneys were shaped like ears and the roof was thatched with fur. It
",Santa Cruz
202,20170312,robbery,"‘And who are THESE?’ said the Queen, pointing to the three gardeners who
",San Bernardino
203,20170312,arson,"us all about it!’
",Riverside
204,20170313,robbery,"‘It must have been that,’ said the King, ‘unless it was written to
",Inglewood
205,20170313,robbery,"the Rabbit coming to look for her, and she trembled till she shook the
",Miramar
206,20170313,fraud,"she was up to her chin in salt water. Her first idea was that she
",Cape Coral
207,20170313,blackmail,"They were indeed a queer-looking party that assembled on the bank--the
",Kenosha
208,20170313,theft,"the sea.’
",Yakima
209,20170315,blackmail,"get into the garden, and I don’t care which happens!’
",Hampton
210,20170315,smuggling,"
",Daly City
211,20170315,robbery,"
",Anchorage
212,20170315,theft,"regular rule: you invented it just now.’
",Washington
213,20170315,assault,"herself in a long, low hall, which was lit up by a row of lamps hanging
",Marina
214,20170316,smuggling,"
",Chula Vista
215,20170316,fraud,"nothing better to say than his first remark, ‘It was the BEST butter,
",Burlington
216,20170317,blackmail,"she was out of sight: then it chuckled. ‘What fun!’ said the Gryphon,
",Elizabeth
217,20170317,smuggling,"   ‘You are old,’ said the youth, ‘one would hardly suppose
",North Port
218,20170317,assault,"Queen.
",Davidson County
219,20170318,blackmail,"‘Have you guessed the riddle yet?’ the Hatter said, turning to Alice
",Eugene
220,20170319,robbery,"
",Brownsville
221,20170319,blackmail,"
",Marysville
222,20170319,theft,"
",Joliet
223,20170319,bribery,"
",Kalamazoo
224,20170320,bribery,"that used to come once a week: HE taught us Drawling, Stretching, and
",Palmdale
225,20170320,arson,"
",North Charleston
226,20170322,blackmail,"‘A likely story indeed!’ said the Pigeon in a tone of the deepest
",Huntington
227,20170322,robbery,"had got so much into the way of expecting nothing but out-of-the-way
",Brighton
228,20170322,murder,"‘Yes,’ said Alice doubtfully: ‘it means--to--make--anything--prettier.’
",Syracuse
229,20170322,arson,"‘I can tell you more than that, if you like,’ said the Gryphon. ‘Do you
",Bellevue
230,20170323,arson,"
",Vancouver
231,20170325,murder," “You can really have no notion how delightful it will be
",Denver
232,20170326,bribery,"
",Daytona Beach
233,20170326,murder,"
",Evansville
234,20170326,smuggling,"she thought, and looked into its eyes again, to see if there were any
",Durham
235,20170327,bribery,"‘So you did, old fellow!’ said the others.
",Milwaukee
236,20170327,fraud,"Queen jumped up and bawled out, “He’s murdering the time! Off with his
",Round Lake Beach
237,20170328,arson,"‘Now, I give you fair warning,’ shouted the Queen, stamping on the
",Denver
238,20170328,murder,"the poor animal’s feelings. ‘I quite forgot you didn’t like cats.’
",Louisville
239,20170329,blackmail,"began shrinking directly. As soon as she was small enough to get through
",Oakland
240,20170329,arson,"
",Poughkeepsie
241,20170329,theft,"‘An arm, you goose! Who ever saw one that size? Why, it fills the whole
",Murfreesboro
242,20170329,murder,"had got so much into the way of expecting nothing but out-of-the-way
",Grand Rapids
243,20170330,murder,"‘I don’t know where Dinn may be,’ said the Mock Turtle, ‘but if you’ve
",Paterson
244,20170330,fraud,"‘it’s a vegetable. It doesn’t look like one, but it is.’
",Santa Rosa
245,20170330,arson,"By this time she had found her way into a tidy little room with a table
",Kalamazoo
246,20170331,theft,"
",Winston
247,20170331,theft,"all its feet at once, with a yelp of delight, and rushed at the stick,
",Roseville
248,20170331,fraud,"
",Victorville
249,20170401,assault,"people began running about in all directions, tumbling up against each
",Downey
250,20170401,assault,"For some minutes the whole court was in confusion, getting the Dormouse
",Fort Walton Beach
251,20170401,murder,"it all seemed quite natural); but when the Rabbit actually TOOK A WATCH
",North Charleston
252,20170401,robbery,"‘It’s a mineral, I THINK,’ said Alice.
",Lake Charles
253,20170401,assault,"‘You promised to tell me your history, you know,’ said Alice, ‘and why
",Santa Clarita
254,20170403,fraud,"the Lizard in head downwards, and the poor little thing was waving its
",Montgomery
255,20170403,murder,"
",Indianapolis
256,20170405,assault,"of tiny white kid gloves: she took up the fan and a pair of the gloves,
",Danbury
257,20170405,murder,"atom of meaning in it,’ but none of them attempted to explain the paper.
",Harrisburg
258,20170405,arson,"desperate that she was ready to ask help of any one; so, when the Rabbit
",Apple Valley
259,20170405,blackmail,"again, it was very provoking to find that the hedgehog had unrolled
",Bakersfield
260,20170405,murder,"Alas! it was too late to wish that! She went on growing, and growing,
",Memphis
261,20170406,fraud,"‘We had the best of educations--in fact, we went to school every day--’
",Ogden
262,20170407,arson,"about half no time! Take your choice!’
",Tyler
263,20170408,arson,"   ‘Beautiful Soup! Who cares for fish,
",Winston
264,20170408,murder,"
",Madison
265,20170408,assault,"Alice had no idea what to do, and in despair she put her hand in her
",Cleveland
266,20170408,fraud,"
",Chula Vista
267,20170408,arson,"CHAPTER V. Advice from a Caterpillar
",Wilmington
268,20170409,assault,"Then came a little pattering of feet on the stairs. Alice knew it was
",Yakima
269,20170409,blackmail,"CHAPTER IX. The Mock Turtle’s Story
",Inglewood
270,20170409,arson,"could hear the rattle of the teacups as the March Hare and his friends
",Port Arthur
271,20170409,murder,"witness.’ And he added in an undertone to the Queen, ‘Really, my dear,
",San Antonio
272,20170409,bribery,"before,’ said Alice,) and round the neck of the bottle was a paper
",Chula Vista
273,20170410,smuggling,"‘It isn’t directed at all,’ said the White Rabbit; ‘in fact, there’s
",Rockford
274,20170410,assault,"
",Kissimmee
275,20170411,fraud,"
",Newark
276,20170411,smuggling,"
",Bridgeport
277,20170411,blackmail,"can’t think! And oh, I wish you could see her after the birds! Why,
",Arlington
278,20170412,robbery,"‘Stolen!’ the King exclaimed, turning to the jury, who instantly made a
",Athens
279,20170412,smuggling,"
",Honolulu
280,20170412,arson,"
",San Buenaventura
281,20170412,arson,"
",Harlingen
282,20170413,bribery,"‘No, indeed,’ said Alice. ‘What sort of a dance is it?’
",Roanoke
283,20170413,bribery,"just as the Dormouse crossed the court, she said to one of the officers
",Daly City
284,20170414,arson,"see if she could have been changed for any of them.
",Salem
285,20170414,smuggling,"
",Athens
286,20170414,assault,"place, with a little house in it about four feet high. ‘Whoever lives
",Providence
287,20170415,bribery,"
",Atlantic City
288,20170415,theft,"
",Frederick
289,20170415,blackmail,"       house,
",Kissimmee
290,20170415,bribery,"sight, they were getting so far off). ‘Oh, my poor little feet, I wonder
",Tyler
291,20170416,smuggling,"So she set to work, and very soon finished off the cake.
",Westminster
292,20170416,theft,"The players all played at once without waiting for turns, quarrelling
",Charleston
293,20170416,fraud,"‘Not a bit,’ said the Caterpillar.
",Augusta
294,20170417,murder,"would change to dull reality--the grass would be only rustling in the
",Aberdeen
295,20170418,theft,"   If she should push the matter on,
",Santa Clara
296,20170419,smuggling,"sister, as well as she could remember them, all these strange Adventures
",New Haven
297,20170419,fraud,"The Fish-Footman began by producing from under his arm a great letter,
",Green Bay
298,20170420,murder,"over their heads. She felt very curious to know what it was all about,
",Scottsdale
299,20170420,bribery,"     Beau--ootiful Soo--oop!
",Colorado Springs
300,20170420,arson,"sweet-tempered. I only wish people knew that: then they wouldn’t be so
",Denver
301,20170420,assault,"‘I don’t see,’ said the Caterpillar.
",Johnson City
302,20170421,bribery,"
",San Francisco
303,20170421,smuggling,"players, except the King, the Queen, and Alice, were in custody and
",Sterling Heights
304,20170421,bribery,"all talking together: she made out the words: ‘Where’s the other
",Murfreesboro
305,20170422,arson,"down yet, before the trial’s begun.’
",Merced
306,20170424,murder,"‘I never thought about it,’ said Alice. ‘Why?’
",Wilmington
307,20170425,bribery,"‘How queer it seems,’ Alice said to herself, ‘to be going messages for
",Cary
308,20170425,arson,"Alice was silent.
",Fargo
309,20170425,murder,"
",Vero Beach
310,20170425,fraud,"
",San Antonio
311,20170426,smuggling,"‘I don’t know of any that do,’ Alice said very politely, feeling quite
",Redding
312,20170426,bribery,"‘Go on with the next verse,’ the Gryphon repeated impatiently: ‘it
",Saint Petersburg
313,20170426,arson,"savage when they met in the kitchen.
",Washington
314,20170427,theft,"
",Riverside
315,20170427,theft,"Alice had never been in a court of justice before, but she had read
",Rochester
316,20170428,theft,"executes nobody, you know. Come on!’
",Fort Worth
317,20170428,fraud,"‘That PROVES his guilt,’ said the Queen.
",Dallas
318,20170428,smuggling,"‘My name is Alice, so please your Majesty,’ said Alice very politely;
",Elkhart
319,20170428,arson,"
",Houma
320,20170429,murder,"yourself!’
",Richland
321,20170429,bribery,"in a great hurry; ‘and their names were Elsie, Lacie, and Tillie; and
",Harlingen
322,20170429,theft,"
",Tacoma
323,20170430,assault,"
",Layton
324,20170430,bribery,"This was not an encouraging opening for a conversation. Alice replied,
",Corpus Christi
325,20170430,robbery,"   Do you think I can listen all day to such stuff?
",Gainesville
326,20170430,fraud,"The table was a large one, but the three were all crowded together at
",Denton
327,20170430,fraud,"unrolled the parchment scroll, and read as follows:--
",Manchester
328,20170501,smuggling,"along the course, here and there. There was no ‘One, two, three, and
",Clarke County
329,20170502,murder,"enough of it now in sight, and no more of it appeared.
",Norman
330,20170502,arson,"after it, and fortunately was just in time to see it pop down a large
",San Antonio
331,20170502,robbery,"hand and a piece of bread-and-butter in the other. ‘I beg pardon, your
",Kaneohe
332,20170503,assault,"‘Why,’ said the Gryphon, ‘you first form into a line along the
",Visalia
333,20170503,theft,"their own business!’
",Athens
334,20170504,blackmail,"She drew her foot as far down the chimney as she could, and waited
",Kaneohe
335,20170504,assault,"‘It was much pleasanter at home,’ thought poor Alice, ‘when one wasn’t
",Springfield
336,20170504,assault,"There was not a moment to be lost: away went Alice like the wind, and
",South Lyon
337,20170505,bribery,"him,) ‘I’ll give him sixpence. _I_ don’t believe there’s an atom of
",Memphis
338,20170506,arson,"
",Duluth
339,20170506,arson,"CHAPTER V. Advice from a Caterpillar
",Escondido
340,20170507,bribery,"‘Yes, that’s it,’ said the Hatter with a sigh: ‘it’s always tea-time,
",New Haven
341,20170507,theft,"
",McHenry
342,20170508,arson,"   A secret, kept from all the rest,
",Sarasota
343,20170508,assault,"croquet-ground.
",Gilbert
344,20170508,fraud,"
",Louisville
345,20170509,blackmail,"‘I want a clean cup,’ interrupted the Hatter: ‘let’s all move one place
",Norwich
346,20170509,arson,"Alice a little timidly: ‘but it’s no use going back to yesterday,
",Raleigh
347,20170509,robbery,"
",Johnson City
348,20170509,robbery,"The Mouse only growled in reply.
",Brownsville
349,20170509,theft,"
",Santa Cruz
350,20170510,robbery,"
",Berkeley
351,20170511,blackmail,"head first, and then sat upon it.)
",Anchorage
352,20170511,fraud,"down again into its nest. Alice crouched down among the trees as well as
",Cleveland
353,20170511,smuggling,"other, and growing sometimes taller and sometimes shorter, until she had
",Winston
354,20170512,assault,"
",Fort Walton Beach
355,20170512,smuggling,"‘You should learn not to make personal remarks,’ Alice said with some
",Layton
356,20170513,murder,"could.
",Sioux Falls
357,20170513,smuggling,"
",Norwich
358,20170513,murder,"‘It’s a pun!’ the King added in an offended tone, and everybody laughed,
",Denton
359,20170513,blackmail,"was a table, with a large dish of tarts upon it: they looked so good,
",St. Petersburg
360,20170515,smuggling,"
",Port St. Lucie
361,20170515,bribery,"a Hatter: and in THAT direction,’ waving the other paw, ‘lives a March
",Savannah
362,20170515,arson,"            whole
",Little Rock
363,20170516,theft,"          try the
",Norwalk
364,20170517,bribery,"and said ‘That’s very curious.’
",Charleston
365,20170518,assault,"           death.”’
",Burlington
366,20170518,smuggling,"or Longitude I’ve got to?’ (Alice had no idea what Latitude was, or
",Waco
367,20170518,smuggling,"‘I didn’t!’ the March Hare interrupted in a great hurry.
",Richmond County
368,20170518,blackmail,"
",Little Rock
369,20170519,robbery,"
",Chandler
370,20170519,murder,"The Duchess took her choice, and was gone in a moment.
",Jersey City
371,20170519,bribery,"
",San Francisco
372,20170520,robbery,"‘Then the Dormouse shall!’ they both cried. ‘Wake up, Dormouse!’ And
",Madison
373,20170520,fraud,"doesn’t suit my throat!’ and a Canary called out in a trembling voice to
",San Bernardino
374,20170520,theft,"to Alice as it spoke.
",Burbank
375,20170520,blackmail,"that “I see what I eat” is the same thing as “I eat what I see”!’
",Houston
376,20170522,bribery,"conversations?’
",Roseville
377,20170523,assault,"appear, and after a minute or two she walked on in the direction in
",Boston
378,20170524,assault,"
",Buffalo
379,20170524,blackmail,"    What made you so awfully clever?’
",Palm Bay
380,20170525,bribery,"‘You may not have lived much under the sea--’ [‘I haven’t,’ said
",Tulsa
381,20170525,robbery,"When the procession came opposite to Alice, they all stopped and looked
",Rochester
382,20170525,blackmail,"
",Oklahoma City
383,20170526,robbery,"‘Of course it is,’ said the Duchess, who seemed ready to agree to
",Buffalo
384,20170526,assault,"‘Boots and shoes under the sea,’ the Gryphon went on in a deep voice,
",Bonita Springs
385,20170527,fraud,"
",Jackson
386,20170527,arson,"too much frightened to say a word, but slowly followed her back to the
",Downey
387,20170527,arson,"surprised he’ll be when he finds out who I am! But I’d better take him
",Port Saint Lucie
388,20170527,arson,"She ate a little bit, and said anxiously to herself, ‘Which way? Which
",Los Angeles
389,20170527,theft,"and began by taking the little golden key, and unlocking the door that
",Ann Arbor
390,20170528,assault,"carefully, remarking, ‘I really must be getting home; the night-air
",Modesto
391,20170528,bribery,"
",Champaign
392,20170528,smuggling,"answer, so Alice went on eagerly: ‘There is such a nice little dog near
",Chesapeake
393,20170529,assault,"‘Why?’ said the Caterpillar.
",St. Petersburg
394,20170529,fraud,"haven’t had a wink of sleep these three weeks!’
",Norwalk
395,20170529,smuggling,"‘Yes, but some crumbs must have got in as well,’ the Hatter grumbled:
",Scranton
396,20170529,robbery,"
",Cape Coral
397,20170529,assault,"verse.’
",Havre de Grace
398,20170530,arson,"the subjects on his flappers, ‘--Mystery, ancient and modern, with
",Apple Valley
399,20170530,assault,"likely it can talk: at any rate, there’s no harm in trying.’ So she
",Frederick
400,20170530,arson,"contempt. ‘I’ve seen a good many little girls in my time, but never ONE
",Springfield
401,20170602,blackmail,"        “I’ll be
",Panama City
402,20170602,fraud,"
",Reno
403,20170602,robbery,"you might like to try the thing yourself, some winter day, I will tell
",Poughkeepsie
404,20170602,fraud,"
",Muskegon
405,20170603,blackmail,"
",Orlando
406,20170604,assault,"it to make it stop.
",Portland
407,20170604,fraud,"yourself.’
",Las Cruces
408,20170604,murder,"hands were clasped upon her knee, and the bright eager eyes were looking
",Yonkers
409,20170604,bribery,"‘Thank you, it’s a very interesting dance to watch,’ said Alice, feeling
",Duluth
410,20170604,arson,"much larger than a rat-hole: she knelt down and looked along the passage
",McAllen
411,20170606,assault,"Alice, who felt ready to sink into the earth. At last the Gryphon said
",Detroit
412,20170606,bribery,"
",Lancaster
413,20170606,fraud,"‘They couldn’t have done that, you know,’ Alice gently remarked; ‘they’d
",Bel Air
414,20170606,bribery,"children she knew, who might do very well as pigs, and was just saying
",Anaheim
415,20170606,assault,"    *    *    *    *    *    *
",Elk Grove
416,20170607,bribery,"
",Joliet
417,20170607,murder,"‘Back to land again, and that’s all the first figure,’ said the Mock
",Cary
418,20170607,smuggling,"the pool as it went.
",St. Paul
419,20170609,assault,"
",Green Bay
420,20170609,murder,"‘Well, perhaps not,’ said Alice in a soothing tone: ‘don’t be angry
",Bakersfield
421,20170609,murder,"to Alice as it spoke.
",Oxnard
422,20170609,theft,"
",Abilene
423,20170610,theft,"made up my mind about it; if I’m Mabel, I’ll stay down here! It’ll be no
",Colorado Springs
424,20170610,smuggling,"hand again, and made another snatch in the air. This time there were
",Paterson
425,20170610,bribery,"Queen, who was reading the list of singers.
",Philadelphia
426,20170610,bribery,"the best thing to get us dry would be a Caucus-race.’
",Knoxville
427,20170611,arson,"them say, ‘Look out now, Five! Don’t go splashing paint over me like
",Boston
428,20170611,arson,"from one foot to the other, looking uneasily at the Queen, and in
",Racine
429,20170611,murder,"    Be off, or I’ll kick you down stairs!’
",Frederick
430,20170612,murder,"‘I didn’t know that Cheshire cats always grinned; in fact, I didn’t know
",Oceanside
431,20170613,theft,"of the window, and one foot up the chimney, and said to herself ‘Now I
",Redding
432,20170613,arson,"officers: but the Hatter was out of sight before the officer could get
",San Francisco
433,20170614,robbery,"slate with one finger, as he found it made no mark; but he now hastily
",Augusta
434,20170614,theft,"‘Please would you tell me,’ said Alice, a little timidly, for she was
",Hartford
435,20170614,robbery,"ground--and I should have croqueted the Queen’s hedgehog just now, only
",Denton
436,20170614,fraud,"
",Roseville
437,20170615,robbery,"the subjects on his flappers, ‘--Mystery, ancient and modern, with
",Saginaw
438,20170615,blackmail,"way of speaking to a mouse: she had never done such a thing before, but
",Santa Ana
439,20170615,assault,"came upon a neat little house, on the door of which was a bright brass
",Bremerton
440,20170615,fraud,"
",Huntsville
441,20170617,smuggling,"tone; ‘at least there’s no room to grow up any more HERE.’
",Escondido
442,20170617,robbery,"‘With extras?’ asked the Mock Turtle a little anxiously.
",Atlanta
443,20170617,arson,"that she had put on one of the Rabbit’s little white kid gloves while
",Jersey City
444,20170618,blackmail,"tone. ‘Nobody seems to like her, down here, and I’m sure she’s the best
",Corpus Christi
445,20170618,smuggling,"denying it. I suppose you’ll be telling me next that you never tasted an
",Gainesville
446,20170618,theft,"she felt a little nervous about this; ‘for it might end, you know,’ said
",El Paso
447,20170618,bribery,"reason is--’ here the Mock Turtle yawned and shut his eyes.--‘Tell her
",Newburgh
448,20170619,assault,"
",Shreveport
449,20170620,arson,"Lory, who at last turned sulky, and would only say, ‘I am older than
",Olympia
450,20170620,bribery,"Queen to-day?’
",Saint Louis
451,20170620,robbery,"elbow.’
",Punta Gorda
452,20170620,robbery,"Quick, now!’ And Alice was so much frightened that she ran off at once
",Fargo
453,20170621,arson,"out with his nose, you know?’
",Vallejo
454,20170621,robbery,"
",Orange
455,20170621,fraud,"
",Boulder
456,20170621,murder,"  Trims his belt and his buttons, and turns out his toes.’
",Vero Beach
457,20170622,blackmail,"the Duchess said after a pause: ‘the reason is, that I’m doubtful about
",Marysville
458,20170622,arson," Would not, could not, would not, could not, would not join the dance.
",Waterbury
459,20170622,blackmail,"‘Call it what you like,’ said the Cat. ‘Do you play croquet with the
",Detroit
460,20170623,assault,"
",Portsmouth
461,20170623,theft,"Wonderland, though she knew she had but to open them again, and all
",Canton
462,20170624,assault,"hot tea upon its nose.
",Muskegon
463,20170624,bribery,"holiday?’
",Costa Mesa
464,20170624,smuggling,"
",Lexington
465,20170624,fraud,"
",Houston
466,20170624,fraud,"Poor Alice! It was as much as she could do, lying down on one side, to
",San Bernardino
467,20170625,fraud,"
",Des Moines
468,20170625,fraud,"
",Washington
469,20170625,assault,"Bill’s place for a good deal: this fireplace is narrow, to be sure; but
",Riverside
470,20170625,bribery,"held it out to the puppy; whereupon the puppy jumped into the air off
",Sarasota
471,20170625,arson,"‘There’s no such thing!’ Alice was beginning very angrily, but the
",Richmond
472,20170626,arson,"
",Sioux Falls
473,20170626,robbery,"moment like a wild beast, screamed ‘Off with her head! Off--’
",Waterbury
474,20170626,robbery,"procession, came THE KING AND QUEEN OF HEARTS.
",Houma
475,20170626,robbery,"and no one else seemed inclined to say anything.
",Albuquerque
476,20170627,theft,"‘I wish I had our Dinah here, I know I do!’ said Alice aloud, addressing
",Las Cruces
477,20170627,fraud,"‘Now tell me, Pat, what’s that in the window?’
",Myrtle Beach
478,20170627,bribery,"history, she do.’
",Chicago
479,20170627,smuggling,"‘And yet what a dear little puppy it was!’ said Alice, as she leant
",Norman
480,20170628,smuggling,"
",Port Orange
481,20170628,robbery,"my tea when I was sent for.’
",Grayslake
482,20170628,robbery,"              THE END
",Vancouver
483,20170628,assault,"rather a handsome pig, I think.’ And she began thinking over other
",Toledo
484,20170628,arson,"great emphasis, looking hard at Alice as he said do.
",Richmond
485,20170629,theft,"‘--yes, that’s about the right distance--but then I wonder what Latitude
",GreenBay
486,20170629,smuggling,"look through into the garden with one eye; but to get through was more
",Atlantic City
487,20170629,smuggling,"‘Suppose we change the subject,’ the March Hare interrupted, yawning.
",Omaha
488,20170629,theft,"
",Daly City
489,20170630,smuggling,"away. ‘You insult me by talking such nonsense!’
",Abilene
490,20170702,assault,"hurry, muttering to himself as he came, ‘Oh! the Duchess, the Duchess!
",Irving
491,20170702,blackmail,"which word sounded best.
",Daly City
492,20170704,murder,"
",Hampton
493,20170704,arson,"‘It isn’t mine,’ said the Hatter.
",Warren
494,20170704,theft,"
",Davidson County
495,20170704,murder,"the best plan.’
",Cary
496,20170705,blackmail,"hedgehog to, and, as the doubled-up soldiers were always getting up
",Evansville
497,20170705,murder,"her eyes; and once she remembered trying to box her own ears for having
",Grand Prairie
498,20170705,theft,"‘You shan’t be beheaded!’ said Alice, and she put them into a large
",Greensboro
499,20170706,arson,"uncomfortable for the Dormouse,’ thought Alice; ‘only, as it’s asleep, I
",Odessa
500,20170706,bribery,"of the cattle in the distance would take the place of the Mock Turtle’s
",Lowell
501,20170706,smuggling,"a mouse--to a mouse--a mouse--O mouse!’) The Mouse looked at her rather
",Duluth
502,20170706,murder,"
",Independence
503,20170707,assault,"something like this:--
",Sterling Heights
504,20170707,fraud,"its eyes, for it was getting very sleepy; ‘and they drew all manner of
",Fullerton
505,20170707,murder,"same when I got up this morning? I almost think I can remember feeling a
",Salt Lake City
506,20170707,fraud,"Alice said nothing; she had sat down with her face in her hands,
",Durham
507,20170708,robbery,"
",St. Petersburg
508,20170708,murder,"  *    *    *    *    *    *    *
",St. Louis
509,20170708,smuggling,"
",Newark
510,20170709,bribery,"‘I’ll fetch the executioner myself,’ said the King eagerly, and he
",Kissimmee
511,20170709,fraud,"‘Well, then,’ the Gryphon went on, ‘if you don’t know what to uglify is,
",Dallas
512,20170709,blackmail,"she hastily dried her eyes to see what was coming. It was the White
",Providence
513,20170709,fraud,"Soon her eye fell on a little glass box that was lying under the table:
",Grayslake
514,20170709,robbery,"Next came an angry voice--the Rabbit’s--‘Pat! Pat! Where are you?’ And
",Dallas
515,20170710,assault,"‘Write that down,’ the King said to the jury, and the jury eagerly
",Evansville
516,20170710,assault,"cost them their lives.
",Tempe
517,20170710,arson,"First came ten soldiers carrying clubs; these were all shaped like
",Fort Lauderdale
518,20170713,assault,"
",Saint Louis
519,20170713,theft,"likely it can talk: at any rate, there’s no harm in trying.’ So she
",Orem
520,20170713,blackmail,"moved into the Dormouse’s place, and Alice rather unwillingly took
",Bakersfield
521,20170713,blackmail,"and skurried away into the darkness as hard as he could go.
",Newark
522,20170713,fraud,"‘Only mustard isn’t a bird,’ Alice remarked.
",Lancaster
523,20170714,assault,"go down the chimney!’
",Bel Air
524,20170715,fraud,"At last the Mouse, who seemed to be a person of authority among them,
",Green Bay
525,20170715,bribery,"
",Evansville
526,20170715,assault,"disappeared; so the King and the executioner ran wildly up and down
",Thousand Oaks
527,20170715,smuggling,"
",Louisville
528,20170716,murder,"‘Why not?’ said the March Hare.
",Riverside
529,20170720,murder,"any more!’ And here poor Alice began to cry again, for she felt very
",Hollywood
530,20170720,theft,"blow underneath her chin: it had struck her foot!
",Green Bay
531,20170720,blackmail,"
",Jacksonville
532,20170720,fraud,"it is you hate--C and D,’ she added in a whisper, half afraid that it
",Aurora
533,20170721,assault,"‘If any one of them can explain it,’ said Alice, (she had grown so large
",Saint Louis
534,20170721,fraud,"
",Boulder
535,20170721,arson,"obliged to write with one finger for the rest of the day; and this was
",Colorado Springs
536,20170723,blackmail,"
",Duluth
537,20170723,blackmail,"
",Clearwater
538,20170724,blackmail,"ache!’
",Savannah
539,20170724,murder,"days and days.’
",North Port
540,20170724,assault,"‘Boots and shoes under the sea,’ the Gryphon went on in a deep voice,
",Daytona Beach
541,20170724,blackmail,"said the Gryphon: and it set to work shaking him and punching him in
",Mobile
542,20170726,robbery,"looked like the right thing to eat or drink under the circumstances.
",Escondido
543,20170726,arson,"
",Portsmouth
544,20170726,theft,"‘Then you may SIT down,’ the King replied.
",Los Angeles
545,20170728,robbery,"children she knew, who might do very well as pigs, and was just saying
",Jefferson
546,20170728,arson,"
",Saint Paul
547,20170728,arson,"
",Eugene
548,20170729,arson,"other side, the puppy made another rush at the stick, and tumbled head
",Corpus Christi
549,20170729,robbery,"that did not sneeze, were the cook, and a large cat which was sitting on
",McAllen
550,20170729,arson,"nowhere to be seen--everything seemed to have changed since her swim in
",Santa Maria
551,20170729,fraud,"long as there was room for her.
",Overland Park
552,20170730,fraud,"disappointment it was empty: she did not like to drop the jar for fear
",North Las Vegas
553,20170730,theft,"‘No, I give it up,’ Alice replied: ‘what’s the answer?’
",Fort Lauderdale
554,20170731,smuggling,"gave herself very good advice, (though she very seldom followed it),
",Birmingham
555,20170731,fraud,"‘What a curious feeling!’ said Alice; ‘I must be shutting up like a
",Boise
556,20170801,smuggling,"‘You did!’ said the Hatter.
",Bonita Springs
557,20170802,robbery,"‘You might just as well say,’ added the March Hare, ‘that “I like what I
",Tucson
558,20170802,murder,"‘Call it what you like,’ said the Cat. ‘Do you play croquet with the
",Flint
559,20170802,assault,"to say!’
",Port Orange
560,20170802,blackmail,"to some tea and bread-and-butter, and then turned to the Dormouse, and
",Cincinnati
561,20170803,fraud,"it advisable to go with Edgar Atheling to meet William and offer him the
",Youngstown
562,20170805,assault,"
",New London
563,20170805,fraud,"at last the Caterpillar took the hookah out of its mouth, and addressed
",Bel Air
564,20170806,bribery,"have been ill.’
",Deltona
565,20170806,theft,"the flowers and the blades of grass, but she did not see anything that
",Winter Haven
566,20170806,assault,"  When the sands are all dry, he is gay as a lark,
",Rancho Cucamonga
567,20170806,assault,"
",Gainesville
568,20170806,bribery,"
",Toledo
569,20170808,murder,"    (We know it to be true):
",Costa Mesa
570,20170809,arson,"
",Monterey
571,20170809,robbery,"
",Santa Rosa
572,20170810,fraud,"about two feet high, and was going on shrinking rapidly: she soon found
",Toledo
573,20170810,murder,"Lory.
",Aberdeen
574,20170810,murder,"began. Alice thought she had never seen such a curious croquet-ground in
",Fairfield
575,20170810,arson,"blow underneath her chin: it had struck her foot!
",Havre de Grace
576,20170813,assault,"‘Oh, I beg your pardon!’ cried Alice hastily, afraid that she had hurt
",Cedar Rapids
577,20170813,blackmail,"railway,’ she said to herself. (Alice had been to the seaside once in
",Little Rock
578,20170814,smuggling,"large she had grown in the last few minutes, and she jumped up in such
",New Bedford
579,20170817,fraud,"‘I see!’ said the Queen, who had meanwhile been examining the roses.
",Berkeley
580,20170819,blackmail,"sitting sad and lonely on a little ledge of rock, and, as they came
",Eugene
581,20170819,assault,"sharp little chin into Alice’s shoulder as she added, ‘and the moral
",Topeka
582,20170820,robbery,"arms, took the hookah out of its mouth again, and said, ‘So you think
",Mesquite
583,20170820,arson,"thing,’ Alice went on, half to herself, as she swam lazily about in the
",Medford
584,20170820,murder,"
",Charleston
585,20170820,blackmail,"
",Lewisville
586,20170820,robbery,"herself. ‘Shy, they seem to put everything upon Bill! I wouldn’t be in
",Oxnard
587,20170821,theft,"At last the Mouse, who seemed to be a person of authority among them,
",New Orleans
588,20170821,smuggling,"to be done, I wonder?’ As she said this, she came suddenly upon an open
",Olathe
589,20170822,theft,"
",Escondido
590,20170822,robbery,"‘And ever since that,’ the Hatter went on in a mournful tone, ‘he won’t
",Augusta
591,20170822,robbery,"Gryphon.
",South Lyon
592,20170823,theft,"‘That’s none of YOUR business, Two!’ said Seven.
",Colorado Springs
593,20170823,arson,"
",North Las Vegas
594,20170824,smuggling,"
",Temecula
595,20170824,murder,"‘The twinkling of the what?’ said the King.
",Syracuse
596,20170824,bribery,"
",Gainesville
597,20170824,theft,"Alice was rather doubtful whether she ought not to lie down on her face
",Bellevue
598,20170825,fraud,"‘Give your evidence,’ said the King.
",Lincoln
599,20170825,robbery,"birds and beasts, as well as the whole pack of cards: the Knave was
",Santa Maria
600,20170825,robbery,"leaves: ‘I should have liked teaching it tricks very much, if--if I’d
",Erie
601,20170825,assault,"seen them so often, of course you know what they’re like.’
",Richland
602,20170826,assault,"
",Newark
603,20170826,arson,"what a wonderful dream it had been.
",Charlotte
604,20170826,arson,"
",Sarasota
605,20170826,murder,"so closely against her foot, that there was hardly room to open her
",Little Rock
606,20170826,theft,"
",Thornton
607,20170827,assault,"Alice was rather doubtful whether she ought not to lie down on her face
",Hollywood
608,20170827,smuggling,"begun asking riddles.--I believe I can guess that,’ she added aloud.
",Columbus
609,20170828,theft,"‘Shan’t,’ said the cook.
",McAllen
610,20170830,robbery,"their mouths--and they’re all over crumbs.’
",Waterbury
611,20170830,smuggling,"
",Hampton
612,20170830,robbery,"‘important--unimportant--unimportant--important--’ as if he were trying
",Burlington
613,20170830,blackmail,"
",Hayward
614,20170831,murder,"Next came an angry voice--the Rabbit’s--‘Pat! Pat! Where are you?’ And
",Virginia Beach
615,20170901,theft,"came near her, she began, in a low, timid voice, ‘If you please, sir--’
",Lancaster
616,20170901,fraud,"know, with oh, such long curly brown hair! And it’ll fetch things when
",Kalamazoo
617,20170901,bribery,"‘I don’t know where Dinn may be,’ said the Mock Turtle, ‘but if you’ve
",Elizabeth
618,20170901,arson,"executed for having missed their turns, and she did not like the look
",Murfreesboro
619,20170901,blackmail,"‘If you didn’t sign it,’ said the King, ‘that only makes the matter
",Dallas
620,20170903,fraud,"
",Long Beach
621,20170904,bribery,"glass table. ‘Now, I’ll manage better this time,’ she said to herself,
",Cape Coral
622,20170904,theft,"what a wonderful dream it had been.
",Youngstown
623,20170904,theft,"wonder what they WILL do next! If they had any sense, they’d take the
",Billings
624,20170905,robbery,"she said to herself, and shouted out, ‘You’d better not do that again!’
",Las Cruces
625,20170906,theft,"
",Canton
626,20170906,smuggling,"bore it as well as she could.
",Yakima
627,20170906,murder,"
",Dallas
628,20170906,fraud,"‘No, please go on!’ Alice said very humbly; ‘I won’t interrupt again. I
",Santa Clarita
629,20170906,bribery,"tell me, please, which way I ought to go from here?’
",Aurora
630,20170907,theft,"     ‘How doth the little crocodile
",Chandler
631,20170907,murder,"
",Honolulu
632,20170907,murder,"take more.’
",Gastonia
633,20170908,fraud,"a large cauldron which seemed to be full of soup.
",Panama City
634,20170908,assault,"‘What size do you want to be?’ it asked.
",Springdale
635,20170908,smuggling,"‘Oh, don’t bother ME,’ said the Duchess; ‘I never could abide figures!’
",Duluth
636,20170908,murder,"
",Lacey
637,20170908,fraud,"
",Fullerton
638,20170909,murder,"
",Corona
639,20170909,murder,"
",Grayslake
640,20170909,murder,"‘I won’t indeed!’ said Alice, in a great hurry to change the subject of
",Provo
641,20170909,arson,"to herself, ‘if one only knew the right way to change them--’ when she
",Oxnard
642,20170910,blackmail,"the best thing to get us dry would be a Caucus-race.’
",Scottsdale
643,20170911,bribery,"‘I keep them to sell,’ the Hatter added as an explanation; ‘I’ve none of
",Worcester
644,20170911,smuggling,"in the last few minutes that she wasn’t a bit afraid of interrupting
",Sioux City
645,20170913,theft,"‘are done with a whiting. Now you know.’
",Clarke County
646,20170913,arson,"   Game, or any other dish?
",Cincinnati
647,20170913,blackmail,"around it--once more the shriek of the Gryphon, the squeaking of the
",McHenry
648,20170913,assault,"her life; it was all ridges and furrows; the balls were live hedgehogs,
",Memphis
649,20170914,smuggling,"so closely against her foot, that there was hardly room to open her
",St. Louis
650,20170914,bribery,"age, there was no more to be said.
",High Point
651,20170915,blackmail,"‘Speak English!’ said the Eaglet. ‘I don’t know the meaning of half
",Detroit
652,20170915,theft,"‘There might be some sense in your knocking,’ the Footman went on
",Atlanta
653,20170915,assault,"
",Kissimmee
654,20170915,theft,"said, ‘It was a treacle-well.’
",Kissimmee
655,20170915,blackmail,"    ‘And your hair has become very white;
",Henderson
656,20170916,theft,"
",Houma
657,20170916,bribery,"
",Visalia
658,20170916,theft,"   Waiting in a hot tureen!
",Pueblo
659,20170917,murder,"
",McHenry
660,20170917,blackmail,"
",Port Arthur
661,20170917,theft,"
",Melbourne
662,20170917,assault,"‘Please would you tell me,’ said Alice, a little timidly, for she was
",Bloomington
663,20170918,smuggling,"be growing small again.’ She got up and went to the table to measure
",Winston
664,20170918,blackmail,"‘Pray don’t trouble yourself to say it any longer than that,’ said
",Toledo
665,20170918,theft,"moment like a wild beast, screamed ‘Off with her head! Off--’
",Fayetteville
666,20170918,bribery,"surprised he’ll be when he finds out who I am! But I’d better take him
",Gilbert
667,20170919,theft,"
",Amarillo
668,20170919,robbery,"‘And washing?’ said the Mock Turtle.
",Bridgeport
669,20170919,fraud,"back to finish his story.
",Bradenton
670,20170919,bribery,"
",Rockford
671,20170920,robbery,"make me smaller, I suppose.’
",Wilmington
672,20170920,theft,"
",Trenton
673,20170921,murder,"
",South Bend
674,20170921,fraud,"London is the capital of Paris, and Paris is the capital of Rome, and
",Bremerton
675,20170921,blackmail,"   Do you think I can listen all day to such stuff?
",Tallahassee
676,20170921,blackmail,"more if you’d rather not.’
",Minneapolis
677,20170921,blackmail,"such a capital one for catching mice--oh, I beg your pardon!’ cried
",Phoenix
678,20170922,smuggling,"At this moment the King, who had been for some time busily writing in
",Hollywood
679,20170922,assault,"
",Hagerstown
680,20170922,assault,"I THINK I can kick a little!’
",St. Paul
681,20170922,assault,"till the puppy’s bark sounded quite faint in the distance.
",Tucson
682,20170925,bribery,"the puppy began a series of short charges at the stick, running a very
",Bloomington
683,20170926,bribery,"
",Davenport
684,20170926,smuggling,"feebly stretching out one paw, trying to touch her. ‘Poor little thing!’
",Jackson
685,20170926,robbery,"‘Not I!’ said the Lory hastily.
",Phoenix
686,20170926,murder,"Alice, she went on, ‘What’s your name, child?’
",Cathedral City
687,20170926,arson,"was a table, with a large dish of tarts upon it: they looked so good,
",Warren
688,20170927,robbery,"she could, for her neck kept getting entangled among the branches, and
",Marina
689,20170927,fraud,"rope--Will the roof bear?--Mind that loose slate--Oh, it’s coming
",Macon
690,20170927,assault,"saying to herself ‘Suppose it should be raving mad after all! I almost
",Murrieta
691,20170927,smuggling,"London is the capital of Paris, and Paris is the capital of Rome, and
",Clearwater
692,20170927,blackmail,"
",Fresno
693,20170928,robbery,"by another footman in livery, with a round face, and large eyes like a
",Richmond County
694,20170928,robbery,"plenty of time as she went down to look about her and to wonder what was
",Springfield
695,20170928,blackmail,"
",Canton
696,20170929,murder,"‘What sort of people live about here?’
",Hartford
697,20170930,blackmail,"
",Garland
698,20170930,arson,"made out that she was in the pool of tears which she had wept when she
",Sioux City
699,20170930,bribery,"_I_ shan’t be able! I shall be a great deal too far off to trouble
",Santa Ana
700,20171002,blackmail,"like them raw.’
",Lacey
701,20171002,murder,"
",Glendale
702,20171002,bribery,"   ‘Speak roughly to your little boy,
",Tampa
703,20171002,fraud,"the right-hand bit to try the effect: the next moment she felt a violent
",Thousand Oaks
704,20171002,theft,"‘Never!’ said the Queen furiously, throwing an inkstand at the Lizard
",Mesa
705,20171003,murder,"‘I should like it very much,’ said Alice, ‘but I haven’t been invited
",Punta Gorda
706,20171004,smuggling,"she was up to her chin in salt water. Her first idea was that she
",Lakewood
707,20171004,assault,"a French mouse, come over with William the Conqueror.’ (For, with all
",Sterling Heights
708,20171004,smuggling,"This sounded promising, certainly: Alice turned and came back again.
",Norman
709,20171004,assault,"till she heard a little animal (she couldn’t guess of what sort it was)
",Detroit
710,20171005,murder,"it lasted.)
",Cape Coral
711,20171005,bribery,"The players all played at once without waiting for turns, quarrelling
",Durham
712,20171006,bribery,"    Because he knows it teases.’
",Rockford
713,20171007,blackmail,"
",Fort Smith
714,20171009,robbery,"as well as she could for sneezing.
",Lake Charles
715,20171009,fraud,"know, with oh, such long curly brown hair! And it’ll fetch things when
",Inglewood
716,20171009,bribery,"‘And what are they made of?’ Alice asked in a tone of great curiosity.
",Waterloo
717,20171010,murder,"           condemn
",Cedar Rapids
718,20171010,smuggling,"She was a good deal frightened by this very sudden change, but she felt
",Jersey City
719,20171010,smuggling,"Luckily for Alice, the little magic bottle had now had its full effect,
",Cedar Rapids
720,20171012,bribery,"‘Well, I can’t show it you myself,’ the Mock Turtle said: ‘I’m too
",Akron
721,20171012,arson,"Alice could think of nothing else to say but ‘It belongs to the Duchess:
",Norwalk
722,20171012,theft,"   Soup of the evening, beautiful Soup!
",Layton
723,20171012,arson,"‘I said pig,’ replied Alice; ‘and I wish you wouldn’t keep appearing and
",Aurora
724,20171012,murder,"WOULD always get into her eyes--and still as she listened, or seemed to
",Davenport
725,20171013,arson,"
",Antioch
726,20171013,bribery,"she was terribly frightened all the time at the thought that it might be
",West Covina
727,20171013,fraud,"‘I can’t help it,’ said Alice very meekly: ‘I’m growing.’
",Evansville
728,20171013,murder,"sharp little chin into Alice’s shoulder as she added, ‘and the moral
",Nashua
729,20171013,murder,"Alice was very glad to find her in such a pleasant temper, and thought
",Stockton
730,20171014,bribery,"his eyes. He looked at Alice, and tried to speak, but for a minute or
",New Orleans
731,20171015,murder,"that dark hall, and wander about among those beds of bright flowers and
",Eugene
732,20171015,murder,"Quick, now!’ And Alice was so much frightened that she ran off at once
",Austin
733,20171015,arson,"a procession,’ thought she, ‘if people had all to lie down upon their
",Lubbock
734,20171015,robbery,"‘Yes, it IS his business!’ said Five, ‘and I’ll tell him--it was for
",Washington
735,20171016,theft,"not help thinking there MUST be more to come, so she sat still and said
",Havre de Grace
736,20171016,murder,"Alice opened the door and found that it led into a small passage, not
",Modesto
737,20171016,murder,"
",Odessa
738,20171017,bribery,"
",Kalamazoo
739,20171017,murder,"minute or two, looking for them, and then quietly marched off after the
",Bakersfield
740,20171017,bribery,"shut up like a telescope! I think I could, if I only knew how to begin.’
",Atlanta
741,20171017,blackmail,"drunk half the bottle, she found her head pressing against the ceiling,
",Cedar Rapids
742,20171018,blackmail,"not got into it), and handed them round as prizes. There was exactly one
",Chattanooga
743,20171018,fraud,"along the course, here and there. There was no ‘One, two, three, and
",Sioux City
744,20171018,murder,"‘Don’t be impertinent,’ said the King, ‘and don’t look at me like that!’
",Antioch
745,20171018,robbery,"four times seven is--oh dear! I shall never get to twenty at that rate!
",Daytona Beach
746,20171019,theft,"
",Aurora
747,20171019,theft,"to herself, ‘if one only knew the right way to change them--’ when she
",Minneapolis
748,20171020,bribery,"
",Waterbury
749,20171020,theft,"
",Harrisburg
750,20171021,bribery,"
",Huntington
751,20171021,murder,"and Alice looked round, eager to see the Queen.
",Billings
752,20171022,blackmail,"On which Seven looked up and said, ‘That’s right, Five! Always lay the
",Bradenton
753,20171023,theft,"to go! Let me see: I’ll give them a new pair of boots every Christmas.’
",GreenBay
754,20171023,bribery,"      breath.”
",Evansville
755,20171023,murder,"    And mentioned me to him:
",Round Lake Beach
756,20171023,fraud,"
",Santa Cruz
757,20171023,smuggling,"candle is like after the candle is blown out, for she could not remember
",Murfreesboro
758,20171024,murder,"without a cat! It’s the most curious thing I ever saw in my life!’
",Rockford
759,20171024,smuggling,"‘It was the BEST butter,’ the March Hare meekly replied.
",Orem
760,20171024,theft,"‘It was much pleasanter at home,’ thought poor Alice, ‘when one wasn’t
",Clarksville
761,20171025,arson,"of cherry-tart, custard, pine-apple, roast turkey, toffee, and hot
",Daly City
762,20171025,assault,"
",Providence
763,20171025,arson,"      mouse to the
",Port Arthur
764,20171027,arson,"trial done,’ she thought, ‘and hand round the refreshments!’ But there
",Cambridge
765,20171027,murder,"like them raw.’
",Youngstown
766,20171027,robbery,"Lizard’s slate-pencil, and the choking of the suppressed guinea-pigs,
",Waterbury
767,20171027,fraud,"‘Digging for apples, indeed!’ said the Rabbit angrily. ‘Here! Come and
",San Jose
768,20171028,arson,"
",Yakima
769,20171028,bribery,"little thing grunted in reply (it had left off sneezing by this time).
",Jersey City
770,20171028,assault,"when they had been running half an hour or so, and were quite dry again,
",Peoria
771,20171029,murder,"
",Washington
772,20171029,assault,"Here the other guinea-pig cheered, and was suppressed.
",Hagerstown
773,20171029,robbery,"was a little startled by seeing the Cheshire Cat sitting on a bough of a
",Murfreesboro
774,20171031,arson,"        a trial,
",Lubbock
775,20171101,assault,"that was sitting on the top with its arms folded, quietly smoking a long
",Oxnard
776,20171101,smuggling,"conversations?’
",Yonkers
777,20171101,assault,"a rabbit! I suppose Dinah’ll be sending me on messages next!’ And she
",Mesquite
778,20171102,smuggling,"Alice was rather doubtful whether she ought not to lie down on her face
",Chesapeake
779,20171102,bribery,"This time Alice waited patiently until it chose to speak again. In
",Santa Clarita
780,20171103,murder,"
",Vero Beach
781,20171104,fraud,"
",Fort Collins
782,20171105,smuggling,"begged the Mouse to tell them something more.
",Fort Collins
783,20171105,arson,"for any lesson-books!’
",Fayetteville
784,20171105,fraud,"‘Really, now you ask me,’ said Alice, very much confused, ‘I don’t
",Port Saint Lucie
785,20171105,bribery,"
",New London
786,20171106,robbery,"nearer, Alice could hear him sighing as if his heart would break. She
",Myrtle Beach
787,20171106,murder,"   Yet you balanced an eel on the end of your nose--
",Charleston
788,20171106,assault,"Queen, who was reading the list of singers.
",Oklahoma City
789,20171107,blackmail,"birds hurried off at once: one old Magpie began wrapping itself up very
",Berkeley
790,20171107,assault,"other side of the court.
",Augusta
791,20171107,murder,"
",Concord
792,20171107,arson,"and when she had tired herself out with trying, the poor little thing
",Tucson
793,20171107,blackmail,"‘Thank you,’ said Alice, ‘it’s very interesting. I never knew so much
",Clearwater
794,20171108,smuggling,"savage when they met in the kitchen.
",Corpus Christi
795,20171108,blackmail,"‘Give your evidence,’ said the King.
",Rockford
796,20171108,arson,"but, alas! the little door was shut again, and the little golden key was
",Yonkers
797,20171108,assault,"down the bottle, saying to herself ‘That’s quite enough--I hope I shan’t
",Clarksville
798,20171109,blackmail,"‘I couldn’t help it,’ said Five, in a sulky tone; ‘Seven jogged my
",Waterbury
799,20171109,robbery,"Alice heard the Rabbit say, ‘A barrowful will do, to begin with.’
",Jersey City
800,20171109,arson,"‘I didn’t know it was YOUR table,’ said Alice; ‘it’s laid for a great
",Denver
801,20171110,assault,"from one foot to the other, looking uneasily at the Queen, and in
",Richmond
802,20171110,smuggling,"funny watch!’ she remarked. ‘It tells the day of the month, and doesn’t
",Virginia Beach
803,20171110,smuggling,"This was not an encouraging opening for a conversation. Alice replied,
",Olathe
804,20171111,blackmail,"to make out which were the two sides of it; and as it was perfectly
",Little Rock
805,20171111,theft,"sitting sad and lonely on a little ledge of rock, and, as they came
",Clarke County
806,20171111,bribery,"
",Hialeah
807,20171112,murder,"about half no time! Take your choice!’
",Downey
808,20171113,fraud,"It was so long since she had been anything near the right size, that it
",Flint
809,20171113,assault,"
",Oxnard
810,20171113,bribery,"
",Long Beach
811,20171114,assault,"‘The lobsters!’ shouted the Gryphon, with a bound into the air.
",Inglewood
812,20171114,assault,"sea. The master was an old Turtle--we used to call him Tortoise--’
",Elk Grove
813,20171114,theft,"repeated her question. ‘Why did they live at the bottom of a well?’
",Norwalk
814,20171116,bribery,"could get away without being seen, when she noticed a curious appearance
",Kenosha
815,20171116,fraud,"‘Hand it over here,’ said the Dodo.
",Fort Smith
816,20171117,robbery,"that it was quite impossible to say whether the blows hurt it or not.
",Jersey City
817,20171118,theft,"CHAPTER I. Down the Rabbit-Hole
",Durham
818,20171119,blackmail,"uncomfortable for the Dormouse,’ thought Alice; ‘only, as it’s asleep, I
",Harrisburg
819,20171119,blackmail,"   ‘They told me you had been to her,
",San Antonio
820,20171119,theft,"denying it. I suppose you’ll be telling me next that you never tasted an
",Springdale
821,20171119,fraud,"hands on her lap as if she were saying lessons, and began to repeat it,
",Athens
822,20171119,assault,"
",Little Rock
823,20171120,robbery,"ringlets, and mine doesn’t go in ringlets at all; and I’m sure I can’t
",Winter Haven
824,20171120,smuggling,"answer. ‘They’re done with blacking, I believe.’
",Sacramento
825,20171120,robbery,"‘Please come back and finish your story!’ Alice called after it; and the
",St. Paul
826,20171121,arson,"one end to the other: the Duchess was sitting on a three-legged stool in
",New York City
827,20171121,theft,"The twelve jurors were all writing very busily on slates. ‘What are they
",Paterson
828,20171121,fraud,"arms, took the hookah out of its mouth again, and said, ‘So you think
",New York City
829,20171122,bribery,"‘important--unimportant--unimportant--important--’ as if he were trying
",Killeen
830,20171122,robbery,"Alice)--‘and perhaps you were never even introduced to a lobster--’
",Fayetteville
831,20171122,murder,"           (WITH ALICE’S LOVE).
",Madison
832,20171122,fraud,"
",Kalamazoo
833,20171123,robbery,"rope--Will the roof bear?--Mind that loose slate--Oh, it’s coming
",Sunnyvale
834,20171123,fraud,"‘It must be a very pretty dance,’ said Alice timidly.
",Pomona
835,20171123,bribery,"shoulders got to? And oh, my poor hands, how is it I can’t see you?’
",Westminster
836,20171123,smuggling,"
",Appleton
837,20171123,blackmail,"‘Get to your places!’ shouted the Queen in a voice of thunder, and
",Ocala
838,20171124,murder,"There were doors all round the hall, but they were all locked; and when
",Ocala
839,20171124,bribery,"slate with one finger, as he found it made no mark; but he now hastily
",Seattle
840,20171124,fraud,"all. I needn’t be afraid of them!’
",Wilmington
841,20171124,assault,"
",Sioux Falls
842,20171124,bribery,"him,) ‘I’ll give him sixpence. _I_ don’t believe there’s an atom of
",Akron
843,20171125,smuggling,"
",Monroe
844,20171126,murder,"
",Port Orange
845,20171126,murder,"Alice,) ‘Well, I hardly know--No more, thank ye; I’m better now--but I’m
",Hemet
846,20171126,theft,"it: she could see it quite plainly through the glass, and she tried her
",Salem
847,20171126,arson,"
",Hollywood
848,20171127,fraud,"Alice,) ‘Well, I hardly know--No more, thank ye; I’m better now--but I’m
",Cedar Rapids
849,20171127,fraud,"    Exactly as we were.
",Bakersfield
850,20171127,robbery,"possibly hear you.’ And certainly there was a most extraordinary noise
",Chicago
851,20171127,theft,"‘Would you like to see a little of it?’ said the Mock Turtle.
",Sacramento
852,20171127,blackmail,"worse. You MUST have meant some mischief, or else you’d have signed your
",Miramar
853,20171128,theft,"Alice, who felt ready to sink into the earth. At last the Gryphon said
",Santa Clarita
854,20171128,fraud,"shouldn’t be hungry for it, you know.’
",Ann Arbor
855,20171128,arson,"‘Oh, I’ve had such a curious dream!’ said Alice, and she told her
",Huntington
856,20171128,murder,"bend, I think?’
",Topeka
857,20171128,theft,"and was just going to leave the room, when her eye fell upon a little
",Providence
858,20171130,smuggling,"bank, and of having nothing to do: once or twice she had peeped into the
",Lewisville
859,20171130,assault,"diamonds, and walked two and two, as the soldiers did. After these came
",Dallas
860,20171130,fraud,"
",Saint Petersburg
861,20171130,arson,"‘I’m getting tired of this. I vote the young lady tells us a story.’
",Hayward
862,20171202,bribery,"‘But what am I to do?’ said Alice.
",Baltimore
863,20171202,robbery,"
",Salinas
864,20171202,theft,"like the three gardeners, but she could not remember ever having heard
",Youngstown
865,20171202,bribery,"Next came an angry voice--the Rabbit’s--‘Pat! Pat! Where are you?’ And
",Tuscaloosa
866,20171203,murder,"grow up, I’ll write one--but I’m grown up now,’ she added in a sorrowful
",Yakima
867,20171203,assault,"alternately without a moment’s pause. The only things in the kitchen
",Springdale
868,20171203,bribery,"There was not a moment to be lost: away went Alice like the wind, and
",Peoria
869,20171204,assault,"and broke to pieces against one of the trees behind him.
",Killeen
870,20171204,bribery,"
",Carrollton
871,20171205,theft,"‘It’s a pun!’ the King added in an offended tone, and everybody laughed,
",Greensboro
872,20171205,assault,"   ‘You are old,’ said the youth, ‘as I mentioned before,
",Fort Wayne
873,20171205,smuggling,"‘I never saw one, or heard of one,’ said Alice.
",Irving
874,20171205,theft,"she succeeded in getting its body tucked away, comfortably enough, under
",Richmond
875,20171205,murder,"an agony of terror. ‘Oh, there goes his PRECIOUS nose’; as an unusually
",Providence
876,20171206,robbery,"murder to leave it behind?’ She said the last words out loud, and the
",Scranton
877,20171206,theft,"which produced another dead silence.
",Lexington
878,20171206,blackmail,"   ‘They told me you had been to her,
",Aurora
879,20171206,fraud,"her, to pass away the time.
",Scranton
880,20171206,theft,"to ask.
",Toledo
881,20171208,smuggling,"   ‘You are old,’ said the youth, ‘as I mentioned before,
",Vero Beach
882,20171208,murder,"fire, and at once set to work throwing everything within her reach at
",Norman
883,20171208,murder,"replied; ‘and then the different branches of Arithmetic--Ambition,
",Fairfield
884,20171208,theft,"forepaws to mark the time, while the Mock Turtle sang this, very slowly
",Baltimore
885,20171209,arson,"got much evidence YET,’ she said to herself. Imagine her surprise, when
",Santa Cruz
886,20171211,theft,"trial done,’ she thought, ‘and hand round the refreshments!’ But there
",Visalia
887,20171211,robbery,"
",Gulfport-Biloxi
888,20171211,robbery,"
",Athens
889,20171212,robbery,"All this time the Queen had never left off staring at the Hatter, and,
",Baton Rouge
890,20171212,assault,"the trees, a little sharp bark just over her head made her look up in a
",Odessa
891,20171212,robbery,"savage when they met in the kitchen.
",Nashville
892,20171212,theft,"from the roof.
",Cleveland
893,20171212,fraud,"Next came an angry voice--the Rabbit’s--‘Pat! Pat! Where are you?’ And
",Chula Vista
894,20171213,assault,"conversations?’
",Round Lake Beach
895,20171213,theft,"
",Pueblo
896,20171213,smuggling,"the royal children, and everybody else.
",Orlando
897,20171215,theft,"there WAS no one listening, this time, as it didn’t sound at all the
",Corona
898,20171215,assault,"be growing small again.’ She got up and went to the table to measure
",North Charleston
899,20171216,robbery,"desperate that she was ready to ask help of any one; so, when the Rabbit
",Richmond County
900,20171217,robbery,"
",Boston
901,20171217,robbery,"were nowhere to be found: all she could see, when she looked down, was
",Orlando
902,20171217,bribery,"‘It was the BEST butter,’ the March Hare meekly replied.
",McAllen
903,20171217,arson,"walking by the White Rabbit, who was peeping anxiously into her face.
",Fargo
904,20171219,arson,"
",Newport News
905,20171219,murder,"that cats COULD grin.’
",Marina
906,20171219,blackmail,"well without--Maybe it’s always pepper that makes people hot-tempered,’
",Harlingen
907,20171219,assault,"   And yet you incessantly stand on your head--
",Fort Walton Beach
908,20171220,theft,"they would die.
",Kissimmee
909,20171220,theft,"straightening itself out again, so that altogether, for the first minute
",Nashua
910,20171220,assault,"two.
",Merced
911,20171220,blackmail,"‘Why, what are YOUR shoes done with?’ said the Gryphon. ‘I mean, what
",Palm Springs
912,20171221,bribery,"‘She’s in prison,’ the Queen said to the executioner: ‘fetch her here.’
",Lorain
913,20171222,assault,"
",Coral Springs
914,20171222,smuggling,"mushroom, and her eyes immediately met those of a large caterpillar,
",Las Vegas
915,20171223,arson,"can’t prove I did: there’s no name signed at the end.’
",Escondido
916,20171223,assault,"
",Roanoke
917,20171224,murder,"
",Akron
918,20171224,smuggling,"Fainting in Coils.’
",Pompano Beach
919,20171225,bribery,"a-piece all round.
",St. Paul
920,20171225,bribery,"Alice opened the door and found that it led into a small passage, not
",Chattanooga
921,20171226,bribery,"‘Never mind!’ said the King, with an air of great relief. ‘Call the next
",Norfolk
922,20171227,theft,"silence, and then another confusion of voices--‘Hold up his head--Brandy
",Chicago
923,20171227,robbery,"
",Raleigh
924,20171229,robbery,"head. ‘If I eat one of these cakes,’ she thought, ‘it’s sure to make
",Tempe
925,20171229,fraud,"
",Antioch
926,20171229,fraud,"‘Why,’ said the Gryphon, ‘you first form into a line along the
",Spokane
927,20171229,robbery,"‘Serpent, I say again!’ repeated the Pigeon, but in a more subdued tone,
",West Covina
928,20171231,murder,"short remarks, and she drew herself up and said, very gravely, ‘I think,
",Glendale
929,20171231,theft,"get” is the same thing as “I get what I like”!’
",Huntington Beach
930,20171231,fraud,"The door led right into a large kitchen, which was full of smoke from
",Honolulu
931,20171231,blackmail,"‘You are,’ said the King.
",Yonkers
932,20171231,blackmail,"
",Pomona
933,20180101,blackmail,"
",Frederick
934,20180101,theft,"as all that.’
",Houston
935,20180102,robbery,"  When the pie was all finished, the Owl, as a boon,
",Las Cruces
936,20180103,theft,"So they began solemnly dancing round and round Alice, every now and
",Fort Lauderdale
937,20180104,smuggling,"age knew the meaning of it at all. However, ‘jury-men’ would have done
",Reno
938,20180104,blackmail,"It was, no doubt: only Alice did not like to be told so. ‘It’s really
",Lakeland
939,20180104,smuggling,"
",Cathedral City
940,20180105,blackmail,"to be, from one minute to another! However, I’ve got back to my right
",Canton
941,20180105,arson,"‘But I don’t want to go among mad people,’ Alice remarked.
",Scranton
942,20180105,murder," Will you, won’t you, will you, won’t you, will you join the dance?
",Sioux City
943,20180106,bribery,"daughter ‘Ah, my dear! Let this be a lesson to you never to lose
",Cambridge
944,20180106,blackmail,"fond of beheading people here; the great wonder is, that there’s any one
",Orlando
945,20180106,robbery,"    Exactly as we were.
",Wilmington
946,20180106,bribery,"
",Utica
947,20180106,murder,"possibly hear you.’ And certainly there was a most extraordinary noise
",Tempe
948,20180107,bribery,"great emphasis, looking hard at Alice as he said do.
",Ann Arbor
949,20180108,assault,"
",Saint Petersburg
950,20180108,murder,"
",New Bedford
951,20180108,bribery,"began again, using the ink, that was trickling down his face, as long as
",Chattanooga
952,20180108,blackmail,"‘Of course not,’ said the Mock Turtle: ‘why, if a fish came to ME, and
",Evansville
953,20180108,smuggling,"Then they both bowed low, and their curls got entangled together.
",St. Louis
954,20180110,robbery,"          to
",Charleston
955,20180110,arson,"‘Nothing,’ said Alice.
",Flint
956,20180110,arson,"‘Nothing whatever,’ said Alice.
",Hialeah
957,20180110,bribery,"
",Barnstable
958,20180110,blackmail,"know.’
",Corpus Christi
959,20180111,assault,"about two feet high: even then she walked up towards it rather timidly,
",Harlingen
960,20180111,blackmail,"in the direction it pointed to, without trying to explain the mistake it
",San Francisco
961,20180111,robbery,"‘Oh, I’ve had such a curious dream!’ said Alice, and she told her
",Bonita Springs
962,20180113,bribery,"‘How the creatures order one about, and make one repeat lessons!’
",Danbury
963,20180113,theft,"‘EAT ME’ were beautifully marked in currants. ‘Well, I’ll eat it,’ said
",Portsmouth
964,20180113,theft,"The Queen turned crimson with fury, and, after glaring at her for a
",Sarasota
965,20180113,robbery,"door, staring stupidly up into the sky.
",Stamford
966,20180113,fraud,"theirs, and the small ones choked and had to be patted on the back.
",Lincoln
967,20180114,fraud,"whether it would like the name: however, it only grinned a little wider.
",Beaumont
968,20180114,bribery,"
",Lancaster
969,20180114,theft,"
",Kansas City
970,20180114,robbery,"
",Philadelphia
971,20180114,robbery,"‘I should like to have it explained,’ said the Mock Turtle.
",Reno
972,20180115,arson,"like a mouse, you know. But do cats eat bats, I wonder?’ And here Alice
",San Buenaventura
973,20180115,bribery,"Here the other guinea-pig cheered, and was suppressed.
",Marysville
974,20180115,fraud,"The Dormouse slowly opened his eyes. ‘I wasn’t asleep,’ he said in a
",Yakima
975,20180115,fraud,"King put on his spectacles and looked anxiously round, to make out who
",Bryan
976,20180117,theft,"MORE than nothing.’
",San Diego
977,20180117,bribery,"by another footman in livery, with a round face, and large eyes like a
",Reno
978,20180117,smuggling,"
",Knoxville
979,20180117,fraud,"half-past one as long as you liked.’
",Baton Rouge
980,20180118,bribery,"Alice replied eagerly, for she was always ready to talk about her pet:
",Boise
981,20180118,arson,"on. ‘Or would you like the Mock Turtle to sing you a song?’
",Bradenton
982,20180118,theft,"too much frightened to say a word, but slowly followed her back to the
",Honolulu
983,20180118,assault,"of tiny white kid gloves: she took up the fan and a pair of the gloves,
",Punta Gorda
984,20180120,fraud,"and we’ve no time to wash the things between whiles.’
",Salt Lake City
985,20180120,murder,"‘You MUST remember,’ remarked the King, ‘or I’ll have you executed.’
",Yonkers
986,20180121,smuggling,"
",Concord
987,20180121,assault,"can’t think! And oh, I wish you could see her after the birds! Why,
",Vancouver
988,20180122,theft,"soldiers remaining behind to execute the unfortunate gardeners, who ran
",Fontana
989,20180123,fraud,"
",Shreveport
990,20180123,assault,"‘They lived on treacle,’ said the Dormouse, after thinking a minute or
",Killeen
991,20180123,assault,"a procession,’ thought she, ‘if people had all to lie down upon their
",Fort Worth
992,20180124,smuggling,"
",Murfreesboro
993,20180124,robbery,"‘Perhaps it hasn’t one,’ Alice ventured to remark.
",Vancouver
994,20180124,fraud,"‘I think I should understand that better,’ Alice said very politely, ‘if
",Hesperia
995,20180125,robbery,"
",Lubbock
996,20180125,smuggling,"This did not seem to encourage the witness at all: he kept shifting
",Palm Springs
997,20180125,theft,"anything but sit with its mouth open, gazing up into the roof of the
",Reno
998,20180125,bribery,"as the Rabbit, and had no reason to be afraid of it.
",Elk Grove
999,20180126,assault,"
",Pasadena
1000,20180126,bribery,"looking for it, while the rest of the party went back to the game.
",Columbia
1001,20180126,smuggling,"about the whiting!’
",Fresno
1002,20180127,theft,"March Hare.
",Portsmouth
1003,20180127,bribery,"
",Marina
1004,20180127,arson,"and he went on in these words:
",Denver
1005,20180127,fraud,"on better.’
",Bradenton
1006,20180127,murder,"
",Bel Air
1007,20180128,assault,"saying, in a solemn tone, ‘For the Duchess. An invitation from the Queen
",Corona
1008,20180129,bribery,"the door opened inwards, and Alice’s elbow was pressed hard against it,
",Boston
1009,20180129,blackmail,"‘Not yet, not yet!’ the Rabbit hastily interrupted. ‘There’s a great
",Clarksville
1010,20180129,robbery,"    Do you think, at your age, it is right?’
",Hemet
1011,20180129,smuggling,"‘Begin at the beginning,’ the King said gravely, ‘and go on till you
",Hartford
1012,20180130,smuggling,"tell me, please, which way I ought to go from here?’
",Bridgeport
1013,20180131,assault,"‘Not at first, perhaps,’ said the Hatter: ‘but you could keep it to
",Boise City
1014,20180131,robbery,"
",Coral Springs
1015,20180131,arson,"and very soon had to kneel down on the floor: in another minute there
",Davidson County
1016,20180131,murder,"she thought of herself, ‘I wish the creatures wouldn’t be so easily
",San Buenaventura
1017,20180201,smuggling,"The King laid his hand upon her arm, and timidly said ‘Consider, my
",Seattle
1018,20180201,bribery,"
",Baton Rouge
1019,20180201,murder,"hookah into its mouth and began smoking again.
",North Port
1020,20180202,fraud,"Alice opened the door and found that it led into a small passage, not
",Johnson City
1021,20180202,theft,"
",Waco
1022,20180202,robbery,"Just at this moment Alice felt a very curious sensation, which puzzled
",Las Vegas
1023,20180202,theft,"
",Lewisville
1024,20180202,blackmail,"same as they used to do:--
",Huntington
1025,20180203,arson,"‘You couldn’t have wanted it much,’ said Alice; ‘living at the bottom of
",Modesto
1026,20180203,robbery,"then treading on her toes when they passed too close, and waving their
",Bryan
1027,20180203,murder,"
",Normal
1028,20180204,blackmail,"
",South Bend
1029,20180204,assault,"and very soon had to kneel down on the floor: in another minute there
",Normal
1030,20180206,assault,"best to climb up one of the legs of the table, but it was too slippery;
",Duluth
1031,20180206,assault,"
",Columbia
1032,20180208,arson,"about half no time! Take your choice!’
",Asheville
1033,20180209,theft,"the March Hare.
",Lubbock
1034,20180209,fraud,"deal to come before that!’
",Olathe
1035,20180209,murder,"‘Then the words don’t FIT you,’ said the King, looking round the court
",Kalamazoo
1036,20180209,murder,"
",Boise
1037,20180209,bribery,"Luckily for Alice, the little magic bottle had now had its full effect,
",Miami
1038,20180210,theft,"
",Visalia
1039,20180210,theft,"‘It’s a pun!’ the King added in an offended tone, and everybody laughed,
",Birmingham
1040,20180211,theft,"
",Hesperia
1041,20180212,arson,"
",Lorain
1042,20180213,robbery,"‘It’s the thing Mock Turtle Soup is made from,’ said the Queen.
",Brownsville
1043,20180213,fraud,"of hers that you have just been reading about; and when she had
",Lafayette
1044,20180213,blackmail,"a doze; but, on being pinched by the Hatter, it woke up again with
",Fresno
1045,20180213,smuggling,"
",Indianapolis
1046,20180214,murder,"
",Gilbert
1047,20180214,murder,"
",Scottsdale
1048,20180214,arson,"kiss my hand if it likes.’
",Joliet
1049,20180215,murder,"The baby grunted again, and Alice looked very anxiously into its face to
",Lexington
1050,20180215,smuggling,"
",Fort Wayne
1051,20180215,theft,"year it is?’
",Kailua
1052,20180215,robbery,"you’d better ask HER about it.’
",St. Petersburg
1053,20180216,fraud,"‘Well, I shan’t go, at any rate,’ said Alice: ‘besides, that’s not a
",Reading
1054,20180216,smuggling,"wondering very much what would happen next.
",Erie
1055,20180216,bribery,"
",Laredo
1056,20180218,smuggling,"hastily, for the White Rabbit cried out, ‘Silence in the court!’ and the
",Detroit
1057,20180218,blackmail,"    *    *    *    *    *    *
",Temecula
1058,20180220,robbery,"do well enough; don’t be particular--Here, Bill! catch hold of this
",Elizabeth
1059,20180220,arson,"
",Fairfield
1060,20180220,fraud,"just as the Dormouse crossed the court, she said to one of the officers
",Clearwater
1061,20180221,fraud,"doing?’ Alice whispered to the Gryphon. ‘They can’t have anything to put
",Hampton
1062,20180221,theft,"thing before, and he wasn’t going to begin at HIS time of life.
",Gastonia
1063,20180221,bribery,"theirs, and the small ones choked and had to be patted on the back.
",Indianapolis
1064,20180222,blackmail,"birds hurried off at once: one old Magpie began wrapping itself up very
",Albuquerque
1065,20180224,assault,"Then they both bowed low, and their curls got entangled together.
",Westminster
1066,20180224,smuggling,"
",North Las Vegas
1067,20180224,fraud,"for this curious child was very fond of pretending to be two people.
",Augusta
1068,20180225,assault,"
",Rancho Cucamonga
1069,20180225,blackmail,"tone. ‘Nobody seems to like her, down here, and I’m sure she’s the best
",Norwalk
1070,20180225,murder,"
",Pompano Beach
1071,20180227,smuggling,"
",Kissimmee
1072,20180227,fraud,"behind it was a little door about fifteen inches high: she tried the
",Savannah
1073,20180227,arson,"accident, all except the Lizard, who seemed too much overcome to do
",Trenton
1074,20180227,murder,"     Beau--ootiful Soo--oop!
",Visalia
1075,20180228,smuggling,"sight, they were getting so far off). ‘Oh, my poor little feet, I wonder
",Cincinnati
1076,20180228,assault,"
",Frederick
1077,20180302,arson,"
",Modesto
1078,20180302,assault,"    Involved in this affair,
",Jefferson
1079,20180302,murder,"‘Shall we try another figure of the Lobster Quadrille?’ the Gryphon went
",Bel Air
1080,20180303,theft,"
",Ocala
1081,20180304,blackmail,"
",Fort Worth
1082,20180305,blackmail,"that used to come once a week: HE taught us Drawling, Stretching, and
",Spartanburg
1083,20180305,robbery,"
",Charlotte
1084,20180305,arson,"‘I quite agree with you,’ said the Duchess; ‘and the moral of that
",Cary
1085,20180305,smuggling,"says it kills all the rats and--oh dear!’ cried Alice in a sorrowful
",Utica
1086,20180307,bribery,"The long grass rustled at her feet as the White Rabbit hurried by--the
",Hemet
1087,20180308,robbery,"down again into its nest. Alice crouched down among the trees as well as
",Burlington
1088,20180309,arson,"it, ‘and what is the use of a book,’ thought Alice ‘without pictures or
",Moreno Valley
1089,20180309,bribery,"herself in a long, low hall, which was lit up by a row of lamps hanging
",Vancouver
1090,20180309,theft,"authority over Alice.
",Jackson
1091,20180310,smuggling,"YOU must cross-examine the next witness. It quite makes my forehead
",Knoxville
1092,20180310,arson,"on the table. ‘Nothing can be clearer than THAT. Then again--“BEFORE SHE
",Berkeley
1093,20180311,bribery,"
",Dallas
1094,20180311,theft,"the Duchess and the baby--the fire-irons came first; then followed a
",Evansville
1095,20180311,arson,"
",Garden Grove
1096,20180311,murder,"
",Winter Haven
1097,20180312,smuggling,"‘Very,’ said Alice: ‘--where’s the Duchess?’
",Erie
1098,20180313,blackmail,"
",Medford
1099,20180313,fraud,"perhaps after all it might tell her something worth hearing. For some
",Durham
1100,20180313,blackmail,"An enormous puppy was looking down at her with large round eyes, and
",Greensboro
1101,20180314,murder,"tone, ‘I’m afraid I’ve offended it again!’ For the Mouse was swimming
",Baltimore
1102,20180315,arson,"The King and Queen of Hearts were seated on their throne when they
",Abilene
1103,20180316,arson,"‘We must burn the house down!’ said the Rabbit’s voice; and Alice called
",Portsmouth
1104,20180316,theft,"‘And ever since that,’ the Hatter went on in a mournful tone, ‘he won’t
",Costa Mesa
1105,20180316,murder,"
",Naples
1106,20180316,murder,"
",Tampa
1107,20180317,fraud,"
",Frederick
1108,20180318,murder,"
",Austin
1109,20180319,robbery,"passion. She had already heard her sentence three of the players to be
",Odessa
1110,20180319,blackmail,"‘You might just as well say,’ added the Dormouse, who seemed to be
",Reading
1111,20180319,blackmail,"
",Buffalo
1112,20180319,blackmail,"croquet with the Queen,’ and she hurried out of the room. The cook threw
",Manchester
1113,20180319,murder,"away. ‘You insult me by talking such nonsense!’
",Fort Collins
1114,20180320,smuggling,"‘Stand up and repeat “‘TIS THE VOICE OF THE SLUGGARD,”’ said the
",Portland
1115,20180320,blackmail,"Alice started to her feet, for it flashed across her mind that she had
",Long Beach
1116,20180320,arson,"doesn’t like changing so often, you know.’
",Ocala
1117,20180320,bribery,"  And concluded the banquet--]
",Murfreesboro
1118,20180321,assault,"‘Of course,’ the Mock Turtle said: ‘advance twice, set to partners--’
",Washington
1119,20180321,assault,"funny watch!’ she remarked. ‘It tells the day of the month, and doesn’t
",Saginaw
1120,20180321,robbery,"‘Begin at the beginning,’ the King said gravely, ‘and go on till you
",Winter Haven
1121,20180322,arson,"little histories about children who had got burnt, and eaten up by wild
",Joliet
1122,20180323,smuggling,"hands on her lap as if she were saying lessons, and began to repeat it,
",Rancho Cucamonga
1123,20180324,smuggling,"jumping merrily along hand in hand, in couples: they were all ornamented
",Dayton
1124,20180324,blackmail,"
",Harrisburg
1125,20180324,smuggling,"
",Jacksonville
1126,20180325,murder,"‘You’ll see me there,’ said the Cat, and vanished.
",Lake Charles
1127,20180325,blackmail,"
",Carrollton
1128,20180325,theft,"sat down and cried.
",Toledo
1129,20180325,fraud,"corners: next the ten courtiers; these were ornamented all over with
",Coral Springs
1130,20180327,robbery,"
",Providence
1131,20180328,assault,"     Beau--ootiful Soo--oop!
",Lansing
1132,20180329,smuggling,"   ‘They told me you had been to her,
",Lancaster
1133,20180329,murder,"   Waiting in a hot tureen!
",Duluth
1134,20180329,theft,"
",Syracuse
1135,20180329,murder,"bats eat cats?’ for, you see, as she couldn’t answer either question,
",Odessa
1136,20180329,smuggling,"‘Give your evidence,’ said the King; ‘and don’t be nervous, or I’ll have
",Bryan
1137,20180330,murder,"was not a VERY good opportunity for showing off her knowledge, as there
",Oceanside
1138,20180330,theft,"
",Detroit
1139,20180330,theft,"
",York
1140,20180330,robbery,"‘Come on, then!’ roared the Queen, and Alice joined the procession,
",Lakewood
1141,20180331,arson,"‘Only a thimble,’ said Alice sadly.
",Coral Springs
1142,20180331,robbery,"you,’ (she might well say this), ‘to go on crying in this way! Stop this
",Wilmington
1143,20180331,blackmail,"
",Garland
1144,20180331,bribery,"By this time she had found her way into a tidy little room with a table
",Port Arthur
1145,20180331,smuggling,"MORE than nothing.’
",Bradenton
1146,20180401,bribery,"two reasons. First, because I’m on the same side of the door as you
",Springfield
1147,20180401,fraud,"
",Grayslake
1148,20180401,arson,"the three gardeners, oblong and flat, with their hands and feet at the
",Bakersfield
1149,20180401,fraud,"‘Why did you call him Tortoise, if he wasn’t one?’ Alice asked.
",Melbourne
1150,20180402,theft,"to herself, ‘whenever I eat or drink anything; so I’ll just see what
",Gastonia
1151,20180402,assault,"for the moment she quite forgot how to speak good English); ‘now I’m
",Ogden
1152,20180402,assault,"‘That WAS a narrow escape!’ said Alice, a good deal frightened at the
",Portsmouth
1153,20180402,robbery,"
",Naperville
1154,20180402,arson,"Alice was not much surprised at this, she was getting so used to queer
",Naples
1155,20180403,robbery,"the Duchess said after a pause: ‘the reason is, that I’m doubtful about
",Roseville
1156,20180404,robbery,"Rabbit, jumping up in a great hurry; ‘this paper has just been picked
",Orange
1157,20180404,theft,"said Alice, in a coaxing tone, and she tried hard to whistle to it; but
",Murfreesboro
1158,20180404,assault,"‘This here young lady,’ said the Gryphon, ‘she wants for to know your
",Santa Maria
1159,20180404,arson,"‘Not at all,’ said Alice: ‘she’s so extremely--’ Just then she noticed
",South Bend
1160,20180406,robbery,"‘Oh, you can’t help that,’ said the Cat: ‘we’re all mad here. I’m mad.
",Clearwater
1161,20180407,robbery,"you know!’
",Newport News
1162,20180407,fraud,"
",Hollywood
1163,20180407,blackmail,"wood for fear of their hearing her; and when she next peeped out the
",Fargo
1164,20180407,bribery,"‘Call the next witness!’ said the King.
",Eugene
1165,20180408,smuggling,"There was a general clapping of hands at this: it was the first really
",Daytona Beach
1166,20180408,bribery,"anxiously about as it went, as if it had lost something; and she heard
",Newark
1167,20180408,arson,"them bitter--and--and barley-sugar and such things that make children
",Akron
1168,20180410,murder,"leaves: ‘I should have liked teaching it tricks very much, if--if I’d
",Lorain
1169,20180410,robbery,"I should frighten them out of their wits!’ So she began nibbling at the
",Bloomington
1170,20180410,blackmail,"‘That depends a good deal on where you want to get to,’ said the Cat.
",Round Lake Beach
1171,20180410,arson,"its head impatiently, and walked a little quicker.
",Santa Ana
1172,20180411,robbery,"‘Mine is a long and a sad tale!’ said the Mouse, turning to Alice, and
",Huntington
1173,20180412,theft,"‘It all came different!’ the Mock Turtle repeated thoughtfully. ‘I
",Monterey
1174,20180413,murder,"
",New Orleans
1175,20180414,arson,"go down the chimney!’
",San Jose
1176,20180414,blackmail,"little way forwards each time and a long way back, and barking hoarsely
",Clarke County
1177,20180414,murder,"‘--so long as I get SOMEWHERE,’ Alice added as an explanation.
",Davidson County
1178,20180414,fraud,"silence, and then another confusion of voices--‘Hold up his head--Brandy
",Myrtle Beach
1179,20180414,blackmail,"        judge, I’ll
",Mesquite
1180,20180415,murder,"
",Kansas City
1181,20180417,murder,"aloud; and in another moment it was out of sight.
",Winter Haven
1182,20180417,smuggling,"‘I’m getting tired of this. I vote the young lady tells us a story.’
",Columbia
1183,20180417,arson,"Alice, she went on, ‘What’s your name, child?’
",Clarke County
1184,20180417,bribery,"
",San Diego
1185,20180418,assault,"in the common way.
",Corona
1186,20180418,assault,"
",Hialeah
1187,20180418,assault,"‘How do you like the Queen?’ said the Cat in a low voice.
",Port St. Lucie
1188,20180419,arson,"
",Fort Collins
1189,20180419,assault,"out here? Run home this moment, and fetch me a pair of gloves and a fan!
",Pittsburgh
1190,20180419,bribery,"‘How do you know I’m mad?’ said Alice.
",Poughkeepsie
1191,20180420,theft,"that was sitting on the top with its arms folded, quietly smoking a long
",San Jose
1192,20180420,blackmail,"being drowned in my own tears! That WILL be a queer thing, to be sure!
",Lansing
1193,20180420,assault,"So she swallowed one of the cakes, and was delighted to find that she
",Panama City
1194,20180420,robbery,"contempt. ‘I’ve seen a good many little girls in my time, but never ONE
",Fitchburg
1195,20180421,fraud,"
",Odessa
1196,20180421,blackmail,"
",Hemet
1197,20180421,assault,"time.) ‘You’re nothing but a pack of cards!’
",Tuscaloosa
1198,20180422,assault,"‘Exactly so,’ said Alice.
",Port Arthur
1199,20180422,blackmail,"about the reason and all that,’ he said to the Gryphon.
",Madison
1200,20180422,arson,"
",Naperville
1201,20180424,arson,"
",New York
1202,20180425,arson,"simply--“Never imagine yourself not to be otherwise than what it might
",Louisville
1203,20180425,robbery,"resting in the shade: however, the moment they saw her, they hurried
",San Francisco
1204,20180425,blackmail,"
",Chula Vista
1205,20180425,robbery,"   Do you think I can listen all day to such stuff?
",Hesperia
1206,20180425,bribery,"thing is to find my way into that lovely garden. I think that will be
",Thousand Oaks
1207,20180426,smuggling,"straightening itself out again, so that altogether, for the first minute
",Trenton
1208,20180426,assault,"‘But about his toes?’ the Mock Turtle persisted. ‘How COULD he turn them
",New Bedford
1209,20180426,theft,"‘What did they draw?’ said Alice, quite forgetting her promise.
",Danbury
1210,20180427,fraud,"carefully, remarking, ‘I really must be getting home; the night-air
",West Valley City
1211,20180427,theft,"shouting ‘Off with his head!’ or ‘Off with her head!’ about once in a
",Mobile
1212,20180427,blackmail,"deep and reaching half down the hall.
",Laredo
1213,20180427,arson,"
",Leominster
1214,20180427,murder,"‘Only a thimble,’ said Alice sadly.
",St. Petersburg
1215,20180428,murder,"wag my tail when I’m angry. Therefore I’m mad.’
",Appleton
1216,20180428,fraud,"Alice glanced rather anxiously at the cook, to see if she meant to take
",Memphis
1217,20180428,assault,"sea-shore--’
",Hickory
1218,20180428,arson,"remained some time after the rest of it had gone.
",Denton
1219,20180428,blackmail,"other side of the court.
",Lorain
1220,20180429,murder,"(she was obliged to say ‘creatures,’ you see, because some of them were
",Toledo
1221,20180430,murder,"‘But what am I to do?’ said Alice.
",Spokane
1222,20180430,robbery,"‘And how did you manage on the twelfth?’ Alice went on eagerly.
",Trenton
1223,20180430,bribery,"
",Garden Grove
1224,20180430,fraud,"‘Why not?’ said the March Hare.
",Houma
1225,20180430,assault,"
",Fontana
1226,20180501,assault,"be NO mistake about it: it was neither more nor less than a pig, and she
",Trenton
1227,20180115,murder,"Security footage shows that there were 2 witnesses. The first witness lives at the last house on ""Northwestern Dr"". The second witness, named Annabel, lives somewhere on ""Franklin Ave"".",R City
